,Baden-Württemberg,Bayern,Berlin,Brandenburg,Bremen,Hamburg,Hessen,Mecklenburg-Vorpommern,Niedersachsen,Nordrhein-Westfalen,Rheinland-Pfalz,Saarland,Sachsen,Sachsen-Anhalt,Schleswig-Holstein,Thüringen,Total
2020-12-29 13:37:00,4721.0,5219.0,3839.0,107.0,592.0,1071.0,4354.0,4170.0,835.0,7136.0,1462.0,862.0,857.0,3985.0,2495.0,257.0,41962.0
2020-12-29 13:47:00,4721.0,5219.0,3839.0,107.0,592.0,1071.0,4354.0,4170.0,835.0,7136.0,1462.0,862.0,857.0,3985.0,2495.0,257.0,41962.0
2020-12-29 14:34:00,4721.0,5219.0,3839.0,107.0,592.0,1071.0,4354.0,4170.0,835.0,7136.0,1462.0,862.0,857.0,3985.0,2495.0,257.0,41962.0
2020-12-29 14:35:00,4721.0,5219.0,3839.0,107.0,592.0,1071.0,4354.0,4170.0,835.0,7136.0,1462.0,862.0,857.0,3985.0,2495.0,257.0,41962.0
2020-12-30 11:42:00,8242.0,12935.0,6296.0,1553.0,1059.0,1499.0,9448.0,7338.0,1527.0,11385.0,2284.0,1518.0,1487.0,7287.0,3579.0,672.0,78109.0
2020-12-30 15:10:00,8242.0,12935.0,6296.0,1553.0,1059.0,1499.0,9448.0,7338.0,1527.0,11385.0,2284.0,1518.0,1487.0,7287.0,3579.0,672.0,78109.0
2020-12-30 15:20:00,8242.0,12935.0,6296.0,1553.0,1059.0,1499.0,9448.0,7338.0,1527.0,11385.0,2284.0,1518.0,1487.0,7287.0,3579.0,672.0,78109.0
2020-12-30 15:20:00,8242.0,12935.0,6296.0,1553.0,1059.0,1499.0,9448.0,7338.0,1527.0,11385.0,2284.0,1518.0,1487.0,7287.0,3579.0,672.0,78109.0
2020-12-30 15:21:00,8242.0,12935.0,6296.0,1553.0,1059.0,1499.0,9448.0,7338.0,1527.0,11385.0,2284.0,1518.0,1487.0,7287.0,3579.0,672.0,78109.0
2020-12-30 15:21:00,8242.0,12935.0,6296.0,1553.0,1059.0,1499.0,9448.0,7338.0,1527.0,11385.0,2284.0,1518.0,1487.0,7287.0,3579.0,672.0,78109.0
2020-12-30 15:22:00,8242.0,12935.0,6296.0,1553.0,1059.0,1499.0,9448.0,7338.0,1527.0,11385.0,2284.0,1518.0,1487.0,7287.0,3579.0,672.0,78109.0
2020-12-30 15:23:00,8242.0,12935.0,6296.0,1553.0,1059.0,1499.0,9448.0,7338.0,1527.0,11385.0,2284.0,1518.0,1487.0,7287.0,3579.0,672.0,78109.0
2020-12-30 15:24:00,8242.0,12935.0,6296.0,1553.0,1059.0,1499.0,9448.0,7338.0,1527.0,11385.0,2284.0,1518.0,1487.0,7287.0,3579.0,672.0,78109.0
2020-12-30 15:26:00,8242.0,12935.0,6296.0,1553.0,1059.0,1499.0,9448.0,7338.0,1527.0,11385.0,2284.0,1518.0,1487.0,7287.0,3579.0,672.0,78109.0
2020-12-30 15:27:00,8242.0,12935.0,6296.0,1553.0,1059.0,1499.0,9448.0,7338.0,1527.0,11385.0,2284.0,1518.0,1487.0,7287.0,3579.0,672.0,78109.0
2020-12-30 17:14:00,8242.0,12935.0,6296.0,1553.0,1059.0,1499.0,9448.0,7338.0,1527.0,11385.0,2284.0,1518.0,1487.0,7287.0,3579.0,672.0,78109.0
2020-12-30 17:15:00,8242.0,12935.0,6296.0,1553.0,1059.0,1499.0,9448.0,7338.0,1527.0,11385.0,2284.0,1518.0,1487.0,7287.0,3579.0,672.0,78109.0
2020-12-30 17:16:00,8242.0,12935.0,6296.0,1553.0,1059.0,1499.0,9448.0,7338.0,1527.0,11385.0,2284.0,1518.0,1487.0,7287.0,3579.0,672.0,78109.0
2020-12-30 17:18:00,8242.0,12935.0,6296.0,1553.0,1059.0,1499.0,9448.0,7338.0,1527.0,11385.0,2284.0,1518.0,1487.0,7287.0,3579.0,672.0,78109.0
2020-12-31 09:00:00,8242.0,12935.0,6296.0,1553.0,1059.0,1499.0,9448.0,7338.0,1527.0,11385.0,2284.0,1518.0,1487.0,7287.0,3579.0,672.0,78109.0
2020-12-31 09:06:00,8242.0,12935.0,6296.0,1553.0,1059.0,1499.0,9448.0,7338.0,1527.0,11385.0,2284.0,1518.0,1487.0,7287.0,3579.0,672.0,78109.0
2020-12-31 09:10:00,8242.0,12935.0,6296.0,1553.0,1059.0,1499.0,9448.0,7338.0,1527.0,11385.0,2284.0,1518.0,1487.0,7287.0,3579.0,672.0,78109.0
2020-12-31 10:00:00,8242.0,12935.0,6296.0,1553.0,1059.0,1499.0,9448.0,7338.0,1527.0,11385.0,2284.0,1518.0,1487.0,7287.0,3579.0,672.0,78109.0
2020-12-31 11:00:00,12649.0,28206.0,9084.0,3036.0,1691.0,2040.0,15674.0,11101.0,2705.0,19930.0,4247.0,2119.0,2653.0,10100.0,5581.0,810.0,131626.0
2020-12-31 12:00:00,12649.0,28206.0,9084.0,3036.0,1691.0,2040.0,15674.0,11101.0,2705.0,19930.0,4247.0,2119.0,2653.0,10100.0,5581.0,810.0,131626.0
2020-12-31 13:00:00,12649.0,28206.0,9084.0,3036.0,1691.0,2040.0,15674.0,11101.0,2705.0,19930.0,4247.0,2119.0,2653.0,10100.0,5581.0,810.0,131626.0
2020-12-31 14:00:00,12649.0,28206.0,9084.0,3036.0,1691.0,2040.0,15674.0,11101.0,2705.0,19930.0,4247.0,2119.0,2653.0,10100.0,5581.0,810.0,131626.0
2020-12-31 15:00:00,12649.0,28206.0,9084.0,3036.0,1691.0,2040.0,15674.0,11101.0,2705.0,19930.0,4247.0,2119.0,2653.0,10100.0,5581.0,810.0,131626.0
2020-12-31 16:00:00,12649.0,28206.0,9084.0,3036.0,1691.0,2040.0,15674.0,11101.0,2705.0,19930.0,4247.0,2119.0,2653.0,10100.0,5581.0,810.0,131626.0
2020-12-31 17:00:00,12649.0,28206.0,9084.0,3036.0,1691.0,2040.0,15674.0,11101.0,2705.0,19930.0,4247.0,2119.0,2653.0,10100.0,5581.0,810.0,131626.0
2020-12-31 18:00:00,12649.0,28206.0,9084.0,3036.0,1691.0,2040.0,15674.0,11101.0,2705.0,19930.0,4247.0,2119.0,2653.0,10100.0,5581.0,810.0,131626.0
2020-12-31 19:00:00,12649.0,28206.0,9084.0,3036.0,1691.0,2040.0,15674.0,11101.0,2705.0,19930.0,4247.0,2119.0,2653.0,10100.0,5581.0,810.0,131626.0
2020-12-31 20:00:00,12649.0,28206.0,9084.0,3036.0,1691.0,2040.0,15674.0,11101.0,2705.0,19930.0,4247.0,2119.0,2653.0,10100.0,5581.0,810.0,131626.0
2020-12-31 21:00:00,12649.0,28206.0,9084.0,3036.0,1691.0,2040.0,15674.0,11101.0,2705.0,19930.0,4247.0,2119.0,2653.0,10100.0,5581.0,810.0,131626.0
2020-12-31 22:00:00,12649.0,28206.0,9084.0,3036.0,1691.0,2040.0,15674.0,11101.0,2705.0,19930.0,4247.0,2119.0,2653.0,10100.0,5581.0,810.0,131626.0
2020-12-31 23:00:00,12649.0,28206.0,9084.0,3036.0,1691.0,2040.0,15674.0,11101.0,2705.0,19930.0,4247.0,2119.0,2653.0,10100.0,5581.0,810.0,131626.0
2021-01-01 00:00:00,12649.0,28206.0,9084.0,3036.0,1691.0,2040.0,15674.0,11101.0,2705.0,19930.0,4247.0,2119.0,2653.0,10100.0,5581.0,810.0,131626.0
2021-01-01 01:00:00,12649.0,28206.0,9084.0,3036.0,1691.0,2040.0,15674.0,11101.0,2705.0,19930.0,4247.0,2119.0,2653.0,10100.0,5581.0,810.0,131626.0
2021-01-01 02:00:00,12649.0,28206.0,9084.0,3036.0,1691.0,2040.0,15674.0,11101.0,2705.0,19930.0,4247.0,2119.0,2653.0,10100.0,5581.0,810.0,131626.0
2021-01-01 03:00:00,12649.0,28206.0,9084.0,3036.0,1691.0,2040.0,15674.0,11101.0,2705.0,19930.0,4247.0,2119.0,2653.0,10100.0,5581.0,810.0,131626.0
2021-01-01 04:00:00,12649.0,28206.0,9084.0,3036.0,1691.0,2040.0,15674.0,11101.0,2705.0,19930.0,4247.0,2119.0,2653.0,10100.0,5581.0,810.0,131626.0
2021-01-01 05:00:00,12649.0,28206.0,9084.0,3036.0,1691.0,2040.0,15674.0,11101.0,2705.0,19930.0,4247.0,2119.0,2653.0,10100.0,5581.0,810.0,131626.0
2021-01-01 06:00:00,12649.0,28206.0,9084.0,3036.0,1691.0,2040.0,15674.0,11101.0,2705.0,19930.0,4247.0,2119.0,2653.0,10100.0,5581.0,810.0,131626.0
2021-01-01 07:00:00,12649.0,28206.0,9084.0,3036.0,1691.0,2040.0,15674.0,11101.0,2705.0,19930.0,4247.0,2119.0,2653.0,10100.0,5581.0,810.0,131626.0
2021-01-01 08:00:00,12649.0,28206.0,9084.0,3036.0,1691.0,2040.0,15674.0,11101.0,2705.0,19930.0,4247.0,2119.0,2653.0,10100.0,5581.0,810.0,131626.0
2021-01-01 09:00:00,12649.0,28206.0,9084.0,3036.0,1691.0,2040.0,15674.0,11101.0,2705.0,19930.0,4247.0,2119.0,2653.0,10100.0,5581.0,810.0,131626.0
2021-01-01 10:00:00,12649.0,28206.0,9084.0,3036.0,1691.0,2040.0,15674.0,11101.0,2705.0,19930.0,4247.0,2119.0,2653.0,10100.0,5581.0,810.0,131626.0
2021-01-01 11:00:00,12649.0,28206.0,9084.0,3036.0,1691.0,2040.0,15674.0,11101.0,2705.0,19930.0,4247.0,2119.0,2653.0,10100.0,5581.0,810.0,131626.0
2021-01-01 12:00:00,12649.0,28206.0,9084.0,3036.0,1691.0,2040.0,15674.0,11101.0,2705.0,19930.0,4247.0,2119.0,2653.0,10100.0,5581.0,810.0,131626.0
2021-01-01 13:00:00,12649.0,28206.0,9084.0,3036.0,1691.0,2040.0,15674.0,11101.0,2705.0,19930.0,4247.0,2119.0,2653.0,10100.0,5581.0,810.0,131626.0
2021-01-01 14:00:00,17086.0,37955.0,11114.0,3219.0,1741.0,2759.0,21373.0,11494.0,3566.0,24924.0,5112.0,2716.0,3290.0,11146.0,7270.0,810.0,165575.0
2021-01-01 15:00:00,17086.0,37955.0,11114.0,3219.0,1741.0,2759.0,21373.0,11494.0,3566.0,24924.0,5112.0,2716.0,3290.0,11146.0,7270.0,810.0,165575.0
2021-01-01 16:00:00,17086.0,37955.0,11114.0,3219.0,1741.0,2759.0,21373.0,11494.0,3566.0,24924.0,5112.0,2716.0,3290.0,11146.0,7270.0,810.0,165575.0
2021-01-01 17:00:00,17086.0,37955.0,11114.0,3219.0,1741.0,2759.0,21373.0,11494.0,3566.0,24924.0,5112.0,2716.0,3290.0,11146.0,7270.0,810.0,165575.0
2021-01-01 18:00:00,17086.0,37955.0,11114.0,3219.0,1741.0,2759.0,21373.0,11494.0,3566.0,24924.0,5112.0,2716.0,3290.0,11146.0,7270.0,810.0,165575.0
2021-01-01 19:00:00,17086.0,37955.0,11114.0,3219.0,1741.0,2759.0,21373.0,11494.0,3566.0,24924.0,5112.0,2716.0,3290.0,11146.0,7270.0,810.0,165575.0
2021-01-01 20:00:00,17086.0,37955.0,11114.0,3219.0,1741.0,2759.0,21373.0,11494.0,3566.0,24924.0,5112.0,2716.0,3290.0,11146.0,7270.0,810.0,165575.0
2021-01-01 21:00:00,17086.0,37955.0,11114.0,3219.0,1741.0,2759.0,21373.0,11494.0,3566.0,24924.0,5112.0,2716.0,3290.0,11146.0,7270.0,810.0,165575.0
2021-01-01 22:00:00,17086.0,37955.0,11114.0,3219.0,1741.0,2759.0,21373.0,11494.0,3566.0,24924.0,5112.0,2716.0,3290.0,11146.0,7270.0,810.0,165575.0
2021-01-01 23:00:00,17086.0,37955.0,11114.0,3219.0,1741.0,2759.0,21373.0,11494.0,3566.0,24924.0,5112.0,2716.0,3290.0,11146.0,7270.0,810.0,165575.0
2021-01-02 00:00:00,17086.0,37955.0,11114.0,3219.0,1741.0,2759.0,21373.0,11494.0,3566.0,24924.0,5112.0,2716.0,3290.0,11146.0,7270.0,810.0,165575.0
2021-01-02 01:00:00,17086.0,37955.0,11114.0,3219.0,1741.0,2759.0,21373.0,11494.0,3566.0,24924.0,5112.0,2716.0,3290.0,11146.0,7270.0,810.0,165575.0
2021-01-02 02:00:00,17086.0,37955.0,11114.0,3219.0,1741.0,2759.0,21373.0,11494.0,3566.0,24924.0,5112.0,2716.0,3290.0,11146.0,7270.0,810.0,165575.0
2021-01-02 03:00:00,17086.0,37955.0,11114.0,3219.0,1741.0,2759.0,21373.0,11494.0,3566.0,24924.0,5112.0,2716.0,3290.0,11146.0,7270.0,810.0,165575.0
2021-01-02 04:00:00,17086.0,37955.0,11114.0,3219.0,1741.0,2759.0,21373.0,11494.0,3566.0,24924.0,5112.0,2716.0,3290.0,11146.0,7270.0,810.0,165575.0
2021-01-02 05:00:00,17086.0,37955.0,11114.0,3219.0,1741.0,2759.0,21373.0,11494.0,3566.0,24924.0,5112.0,2716.0,3290.0,11146.0,7270.0,810.0,165575.0
2021-01-02 06:00:00,17086.0,37955.0,11114.0,3219.0,1741.0,2759.0,21373.0,11494.0,3566.0,24924.0,5112.0,2716.0,3290.0,11146.0,7270.0,810.0,165575.0
2021-01-02 07:00:00,17086.0,37955.0,11114.0,3219.0,1741.0,2759.0,21373.0,11494.0,3566.0,24924.0,5112.0,2716.0,3290.0,11146.0,7270.0,810.0,165575.0
2021-01-02 08:00:00,17086.0,37955.0,11114.0,3219.0,1741.0,2759.0,21373.0,11494.0,3566.0,24924.0,5112.0,2716.0,3290.0,11146.0,7270.0,810.0,165575.0
2021-01-02 09:00:00,17086.0,37955.0,11114.0,3219.0,1741.0,2759.0,21373.0,11494.0,3566.0,24924.0,5112.0,2716.0,3290.0,11146.0,7270.0,810.0,165575.0
2021-01-02 10:00:00,17086.0,37955.0,11114.0,3219.0,1741.0,2759.0,21373.0,11494.0,3566.0,24924.0,5112.0,2716.0,3290.0,11146.0,7270.0,810.0,165575.0
2021-01-02 11:00:00,17086.0,37955.0,11114.0,3219.0,1741.0,2759.0,21373.0,11494.0,3566.0,24924.0,5112.0,2716.0,3290.0,11146.0,7270.0,810.0,165575.0
2021-01-02 12:00:00,17086.0,37955.0,11114.0,3219.0,1741.0,2759.0,21373.0,11494.0,3566.0,24924.0,5112.0,2716.0,3290.0,11146.0,7270.0,810.0,165575.0
2021-01-02 13:00:00,17086.0,37955.0,11114.0,3219.0,1741.0,2759.0,21373.0,11494.0,3566.0,24924.0,5112.0,2716.0,3290.0,11146.0,7270.0,810.0,165575.0
2021-01-02 14:00:00,17086.0,37955.0,11114.0,3219.0,1741.0,2759.0,21373.0,11494.0,3566.0,24924.0,5112.0,2716.0,3290.0,11146.0,7270.0,810.0,165575.0
2021-01-02 15:00:00,20045.0,39005.0,13137.0,3219.0,1741.0,3042.0,24791.0,11494.0,3945.0,33375.0,6898.0,3316.0,4000.0,11771.0,7964.0,810.0,188553.0
2021-01-02 16:00:00,20045.0,39005.0,13137.0,3219.0,1741.0,3042.0,24791.0,11494.0,3945.0,33375.0,6898.0,3316.0,4000.0,11771.0,7964.0,810.0,188553.0
2021-01-02 17:00:00,20045.0,39005.0,13137.0,3219.0,1741.0,3042.0,24791.0,11494.0,3945.0,33375.0,6898.0,3316.0,4000.0,11771.0,7964.0,810.0,188553.0
2021-01-02 18:00:00,20045.0,39005.0,13137.0,3219.0,1741.0,3042.0,24791.0,11494.0,3945.0,33375.0,6898.0,3316.0,4000.0,11771.0,7964.0,810.0,188553.0
2021-01-02 19:00:00,20045.0,39005.0,13137.0,3219.0,1741.0,3042.0,24791.0,11494.0,3945.0,33375.0,6898.0,3316.0,4000.0,11771.0,7964.0,810.0,188553.0
2021-01-02 20:00:00,20045.0,39005.0,13137.0,3219.0,1741.0,3042.0,24791.0,11494.0,3945.0,33375.0,6898.0,3316.0,4000.0,11771.0,7964.0,810.0,188553.0
2021-01-02 21:00:00,20045.0,39005.0,13137.0,3219.0,1741.0,3042.0,24791.0,11494.0,3945.0,33375.0,6898.0,3316.0,4000.0,11771.0,7964.0,810.0,188553.0
2021-01-02 22:00:00,20045.0,39005.0,13137.0,3219.0,1741.0,3042.0,24791.0,11494.0,3945.0,33375.0,6898.0,3316.0,4000.0,11771.0,7964.0,810.0,188553.0
2021-01-02 23:00:00,20045.0,39005.0,13137.0,3219.0,1741.0,3042.0,24791.0,11494.0,3945.0,33375.0,6898.0,3316.0,4000.0,11771.0,7964.0,810.0,188553.0
2021-01-03 00:00:00,20045.0,39005.0,13137.0,3219.0,1741.0,3042.0,24791.0,11494.0,3945.0,33375.0,6898.0,3316.0,4000.0,11771.0,7964.0,810.0,188553.0
2021-01-03 01:00:00,20045.0,39005.0,13137.0,3219.0,1741.0,3042.0,24791.0,11494.0,3945.0,33375.0,6898.0,3316.0,4000.0,11771.0,7964.0,810.0,188553.0
2021-01-03 02:00:00,20045.0,39005.0,13137.0,3219.0,1741.0,3042.0,24791.0,11494.0,3945.0,33375.0,6898.0,3316.0,4000.0,11771.0,7964.0,810.0,188553.0
2021-01-03 03:00:00,20045.0,39005.0,13137.0,3219.0,1741.0,3042.0,24791.0,11494.0,3945.0,33375.0,6898.0,3316.0,4000.0,11771.0,7964.0,810.0,188553.0
2021-01-03 04:00:00,20045.0,39005.0,13137.0,3219.0,1741.0,3042.0,24791.0,11494.0,3945.0,33375.0,6898.0,3316.0,4000.0,11771.0,7964.0,810.0,188553.0
2021-01-03 05:00:00,20045.0,39005.0,13137.0,3219.0,1741.0,3042.0,24791.0,11494.0,3945.0,33375.0,6898.0,3316.0,4000.0,11771.0,7964.0,810.0,188553.0
2021-01-03 06:00:00,20045.0,39005.0,13137.0,3219.0,1741.0,3042.0,24791.0,11494.0,3945.0,33375.0,6898.0,3316.0,4000.0,11771.0,7964.0,810.0,188553.0
2021-01-03 07:00:00,20045.0,39005.0,13137.0,3219.0,1741.0,3042.0,24791.0,11494.0,3945.0,33375.0,6898.0,3316.0,4000.0,11771.0,7964.0,810.0,188553.0
2021-01-03 08:00:00,20045.0,39005.0,13137.0,3219.0,1741.0,3042.0,24791.0,11494.0,3945.0,33375.0,6898.0,3316.0,4000.0,11771.0,7964.0,810.0,188553.0
2021-01-03 09:00:00,20045.0,39005.0,13137.0,3219.0,1741.0,3042.0,24791.0,11494.0,3945.0,33375.0,6898.0,3316.0,4000.0,11771.0,7964.0,810.0,188553.0
2021-01-03 10:00:00,20045.0,39005.0,13137.0,3219.0,1741.0,3042.0,24791.0,11494.0,3945.0,33375.0,6898.0,3316.0,4000.0,11771.0,7964.0,810.0,188553.0
2021-01-03 11:00:00,20045.0,39005.0,13137.0,3219.0,1741.0,3042.0,24791.0,11494.0,3945.0,33375.0,6898.0,3316.0,4000.0,11771.0,7964.0,810.0,188553.0
2021-01-03 12:00:00,24063.0,57833.0,14616.0,3219.0,1837.0,3704.0,30085.0,11494.0,4962.0,48691.0,7248.0,4149.0,4343.0,12822.0,8933.0,810.0,238809.0
2021-01-03 13:00:00,24063.0,57833.0,14616.0,3219.0,1837.0,3704.0,30085.0,11494.0,4962.0,48691.0,7248.0,4149.0,4343.0,12822.0,8933.0,810.0,238809.0
2021-01-03 14:00:00,24063.0,57833.0,14616.0,3219.0,1837.0,3704.0,30085.0,11494.0,4962.0,48691.0,7248.0,4149.0,4343.0,12822.0,8933.0,810.0,238809.0
2021-01-03 15:00:00,24063.0,57833.0,14616.0,3219.0,1837.0,3704.0,30085.0,11494.0,4962.0,48691.0,7248.0,4149.0,4343.0,12822.0,8933.0,810.0,238809.0
2021-01-03 16:00:00,24063.0,57833.0,14616.0,3219.0,1837.0,3704.0,30085.0,11494.0,4962.0,48691.0,7248.0,4149.0,4343.0,12822.0,8933.0,810.0,238809.0
2021-01-03 17:00:00,24063.0,57833.0,14616.0,3219.0,1837.0,3704.0,30085.0,11494.0,4962.0,48691.0,7248.0,4149.0,4343.0,12822.0,8933.0,810.0,238809.0
2021-01-03 18:00:00,24063.0,57833.0,14616.0,3219.0,1837.0,3704.0,30085.0,11494.0,4962.0,48691.0,7248.0,4149.0,4343.0,12822.0,8933.0,810.0,238809.0
2021-01-03 19:00:00,24063.0,57833.0,14616.0,3219.0,1837.0,3704.0,30085.0,11494.0,4962.0,48691.0,7248.0,4149.0,4343.0,12822.0,8933.0,810.0,238809.0
2021-01-03 20:00:00,24063.0,57833.0,14616.0,3219.0,1837.0,3704.0,30085.0,11494.0,4962.0,48691.0,7248.0,4149.0,4343.0,12822.0,8933.0,810.0,238809.0
2021-01-03 21:00:00,24063.0,57833.0,14616.0,3219.0,1837.0,3704.0,30085.0,11494.0,4962.0,48691.0,7248.0,4149.0,4343.0,12822.0,8933.0,810.0,238809.0
2021-01-03 22:00:00,24063.0,57833.0,14616.0,3219.0,1837.0,3704.0,30085.0,11494.0,4962.0,48691.0,7248.0,4149.0,4343.0,12822.0,8933.0,810.0,238809.0
2021-01-03 23:00:00,24063.0,57833.0,14616.0,3219.0,1837.0,3704.0,30085.0,11494.0,4962.0,48691.0,7248.0,4149.0,4343.0,12822.0,8933.0,810.0,238809.0
2021-01-04 00:00:00,24063.0,57833.0,14616.0,3219.0,1837.0,3704.0,30085.0,11494.0,4962.0,48691.0,7248.0,4149.0,4343.0,12822.0,8933.0,810.0,238809.0
2021-01-04 01:00:00,24063.0,57833.0,14616.0,3219.0,1837.0,3704.0,30085.0,11494.0,4962.0,48691.0,7248.0,4149.0,4343.0,12822.0,8933.0,810.0,238809.0
2021-01-04 02:00:00,24063.0,57833.0,14616.0,3219.0,1837.0,3704.0,30085.0,11494.0,4962.0,48691.0,7248.0,4149.0,4343.0,12822.0,8933.0,810.0,238809.0
2021-01-04 03:00:00,24063.0,57833.0,14616.0,3219.0,1837.0,3704.0,30085.0,11494.0,4962.0,48691.0,7248.0,4149.0,4343.0,12822.0,8933.0,810.0,238809.0
2021-01-04 04:00:00,24063.0,57833.0,14616.0,3219.0,1837.0,3704.0,30085.0,11494.0,4962.0,48691.0,7248.0,4149.0,4343.0,12822.0,8933.0,810.0,238809.0
2021-01-04 05:00:00,24063.0,57833.0,14616.0,3219.0,1837.0,3704.0,30085.0,11494.0,4962.0,48691.0,7248.0,4149.0,4343.0,12822.0,8933.0,810.0,238809.0
2021-01-04 06:00:00,24063.0,57833.0,14616.0,3219.0,1837.0,3704.0,30085.0,11494.0,4962.0,48691.0,7248.0,4149.0,4343.0,12822.0,8933.0,810.0,238809.0
2021-01-04 07:00:00,24063.0,57833.0,14616.0,3219.0,1837.0,3704.0,30085.0,11494.0,4962.0,48691.0,7248.0,4149.0,4343.0,12822.0,8933.0,810.0,238809.0
2021-01-04 08:00:00,24063.0,57833.0,14616.0,3219.0,1837.0,3704.0,30085.0,11494.0,4962.0,48691.0,7248.0,4149.0,4343.0,12822.0,8933.0,810.0,238809.0
2021-01-04 09:00:00,24063.0,57833.0,14616.0,3219.0,1837.0,3704.0,30085.0,11494.0,4962.0,48691.0,7248.0,4149.0,4343.0,12822.0,8933.0,810.0,238809.0
2021-01-04 10:00:00,24063.0,57833.0,14616.0,3219.0,1837.0,3704.0,30085.0,11494.0,4962.0,48691.0,7248.0,4149.0,4343.0,12822.0,8933.0,810.0,238809.0
2021-01-04 11:00:00,24063.0,57833.0,14616.0,3219.0,1837.0,3704.0,30085.0,11494.0,4962.0,48691.0,7248.0,4149.0,4343.0,12822.0,8933.0,810.0,238809.0
2021-01-04 12:00:00,27454.0,66258.0,17758.0,3309.0,1903.0,4140.0,33405.0,11494.0,5394.0,53841.0,7248.0,4149.0,4866.0,13366.0,9557.0,810.0,264952.0
2021-01-04 13:00:00,27454.0,66258.0,17758.0,3309.0,1903.0,4140.0,33405.0,11494.0,5394.0,53841.0,7248.0,4149.0,4866.0,13366.0,9557.0,810.0,264952.0
2021-01-04 14:00:00,27454.0,66258.0,17758.0,3309.0,1903.0,4140.0,33405.0,11494.0,5394.0,53841.0,8282.0,4149.0,4866.0,13366.0,9557.0,810.0,265986.0
2021-01-04 15:00:00,27454.0,66258.0,17758.0,3309.0,1903.0,4140.0,33405.0,11494.0,5394.0,53841.0,8282.0,4149.0,4866.0,13366.0,9557.0,810.0,265986.0
2021-01-04 16:00:00,27454.0,66258.0,17758.0,3309.0,1903.0,4140.0,33405.0,11494.0,5394.0,53841.0,8282.0,4149.0,4866.0,13366.0,9557.0,810.0,265986.0
2021-01-04 17:00:00,27454.0,66258.0,17758.0,3309.0,1903.0,4140.0,33405.0,11494.0,5394.0,53841.0,8282.0,4149.0,4866.0,13366.0,9557.0,810.0,265986.0
2021-01-04 18:00:00,27454.0,66258.0,17758.0,3309.0,1903.0,4140.0,33405.0,11494.0,5394.0,53841.0,8282.0,4149.0,4866.0,13366.0,9557.0,810.0,265986.0
2021-01-04 19:00:00,27454.0,66258.0,17758.0,3309.0,1903.0,4140.0,33405.0,11494.0,5394.0,53841.0,8282.0,4149.0,4866.0,13366.0,9557.0,810.0,265986.0
2021-01-04 20:00:00,27454.0,66258.0,17758.0,3309.0,1903.0,4140.0,33405.0,11494.0,5394.0,53841.0,8282.0,4149.0,4866.0,13366.0,9557.0,810.0,265986.0
2021-01-04 21:00:00,27454.0,66258.0,17758.0,3309.0,1903.0,4140.0,33405.0,11494.0,5394.0,53841.0,8282.0,4149.0,4866.0,13366.0,9557.0,810.0,265986.0
2021-01-04 22:00:00,27454.0,66258.0,17758.0,3309.0,1903.0,4140.0,33405.0,11494.0,5394.0,53841.0,8282.0,4149.0,4866.0,13366.0,9557.0,810.0,265986.0
2021-01-04 23:00:00,27454.0,66258.0,17758.0,3309.0,1903.0,4140.0,33405.0,11494.0,5394.0,53841.0,8282.0,4149.0,4866.0,13366.0,9557.0,810.0,265986.0
2021-01-05 00:00:00,27454.0,66258.0,17758.0,3309.0,1903.0,4140.0,33405.0,11494.0,5394.0,53841.0,8282.0,4149.0,4866.0,13366.0,9557.0,810.0,265986.0
2021-01-05 01:00:00,27454.0,66258.0,17758.0,3309.0,1903.0,4140.0,33405.0,11494.0,5394.0,53841.0,8282.0,4149.0,4866.0,13366.0,9557.0,810.0,265986.0
2021-01-05 02:00:00,27454.0,66258.0,17758.0,3309.0,1903.0,4140.0,33405.0,11494.0,5394.0,53841.0,8282.0,4149.0,4866.0,13366.0,9557.0,810.0,265986.0
2021-01-05 03:00:00,27454.0,66258.0,17758.0,3309.0,1903.0,4140.0,33405.0,11494.0,5394.0,53841.0,8282.0,4149.0,4866.0,13366.0,9557.0,810.0,265986.0
2021-01-05 04:00:00,27454.0,66258.0,17758.0,3309.0,1903.0,4140.0,33405.0,11494.0,5394.0,53841.0,8282.0,4149.0,4866.0,13366.0,9557.0,810.0,265986.0
2021-01-05 05:00:00,27454.0,66258.0,17758.0,3309.0,1903.0,4140.0,33405.0,11494.0,5394.0,53841.0,8282.0,4149.0,4866.0,13366.0,9557.0,810.0,265986.0
2021-01-05 06:00:00,27454.0,66258.0,17758.0,3309.0,1903.0,4140.0,33405.0,11494.0,5394.0,53841.0,8282.0,4149.0,4866.0,13366.0,9557.0,810.0,265986.0
2021-01-05 07:00:00,27454.0,66258.0,17758.0,3309.0,1903.0,4140.0,33405.0,11494.0,5394.0,53841.0,8282.0,4149.0,4866.0,13366.0,9557.0,810.0,265986.0
2021-01-05 08:00:00,27454.0,66258.0,17758.0,3309.0,1903.0,4140.0,33405.0,11494.0,5394.0,53841.0,8282.0,4149.0,4866.0,13366.0,9557.0,810.0,265986.0
2021-01-05 09:00:00,27454.0,66258.0,17758.0,3309.0,1903.0,4140.0,33405.0,11494.0,5394.0,53841.0,8282.0,4149.0,4866.0,13366.0,9557.0,810.0,265986.0
2021-01-05 10:00:00,27454.0,66258.0,17758.0,3309.0,1903.0,4140.0,33405.0,11494.0,5394.0,53841.0,8282.0,4149.0,4866.0,13366.0,9557.0,810.0,265986.0
2021-01-05 11:00:00,27454.0,66258.0,17758.0,3309.0,1903.0,4140.0,33405.0,11494.0,5394.0,53841.0,8282.0,4149.0,4866.0,13366.0,9557.0,810.0,265986.0
2021-01-05 12:00:00,27454.0,66258.0,17758.0,3309.0,1903.0,4140.0,33405.0,11494.0,5394.0,53841.0,8282.0,4149.0,4866.0,13366.0,9557.0,810.0,265986.0
2021-01-05 13:00:00,32182.0,77876.0,19389.0,3334.0,2653.0,4756.0,37795.0,13832.0,8665.0,62692.0,9891.0,4836.0,7740.0,15628.0,12978.0,2715.0,316962.0
2021-01-05 14:00:00,32182.0,77876.0,19389.0,3334.0,2653.0,4756.0,37795.0,13832.0,8665.0,62692.0,9891.0,4836.0,7740.0,15628.0,12978.0,2715.0,316962.0
2021-01-05 15:00:00,32182.0,77876.0,19389.0,3334.0,2653.0,4756.0,37795.0,13832.0,8665.0,62692.0,9891.0,4836.0,7740.0,15628.0,12978.0,2715.0,316962.0
2021-01-05 16:00:00,32182.0,77876.0,19389.0,3334.0,2653.0,4756.0,37795.0,13832.0,8665.0,62692.0,9891.0,4836.0,7740.0,15628.0,12978.0,2715.0,316962.0
2021-01-05 17:00:00,32182.0,77876.0,19389.0,3334.0,2653.0,4756.0,37795.0,13832.0,8665.0,62692.0,9891.0,4836.0,7740.0,15628.0,12978.0,2715.0,316962.0
2021-01-05 18:00:00,32182.0,77876.0,19389.0,3334.0,2653.0,4756.0,37795.0,13832.0,8665.0,62692.0,9891.0,4836.0,7740.0,15628.0,12978.0,2715.0,316962.0
2021-01-05 19:00:00,32182.0,77876.0,19389.0,3334.0,2653.0,4756.0,37795.0,13832.0,8665.0,62692.0,9891.0,4836.0,7740.0,15628.0,12978.0,2715.0,316962.0
2021-01-05 20:00:00,32182.0,77876.0,19389.0,3334.0,2653.0,4756.0,37795.0,13832.0,8665.0,62692.0,9891.0,4836.0,7740.0,15628.0,12978.0,2715.0,316962.0
2021-01-05 21:00:00,32182.0,77876.0,19389.0,3334.0,2653.0,4756.0,37795.0,13832.0,8665.0,62692.0,9891.0,4836.0,7740.0,15628.0,12978.0,2715.0,316962.0
2021-01-05 22:00:00,32182.0,77876.0,19389.0,3334.0,2653.0,4756.0,37795.0,13832.0,8665.0,62692.0,9891.0,4836.0,7740.0,15628.0,12978.0,2715.0,316962.0
2021-01-05 23:00:00,32182.0,77876.0,19389.0,3334.0,2653.0,4756.0,37795.0,13832.0,8665.0,62692.0,9891.0,4836.0,7740.0,15628.0,12978.0,2715.0,316962.0
2021-01-06 00:00:00,32182.0,77876.0,19389.0,3334.0,2653.0,4756.0,37795.0,13832.0,8665.0,62692.0,9891.0,4836.0,7740.0,15628.0,12978.0,2715.0,316962.0
2021-01-06 01:00:00,32182.0,77876.0,19389.0,3334.0,2653.0,4756.0,37795.0,13832.0,8665.0,62692.0,9891.0,4836.0,7740.0,15628.0,12978.0,2715.0,316962.0
2021-01-06 02:00:00,32182.0,77876.0,19389.0,3334.0,2653.0,4756.0,37795.0,13832.0,8665.0,62692.0,9891.0,4836.0,7740.0,15628.0,12978.0,2715.0,316962.0
2021-01-06 03:00:00,32182.0,77876.0,19389.0,3334.0,2653.0,4756.0,37795.0,13832.0,8665.0,62692.0,9891.0,4836.0,7740.0,15628.0,12978.0,2715.0,316962.0
2021-01-06 04:00:00,32182.0,77876.0,19389.0,3334.0,2653.0,4756.0,37795.0,13832.0,8665.0,62692.0,9891.0,4836.0,7740.0,15628.0,12978.0,2715.0,316962.0
2021-01-06 05:00:00,32182.0,77876.0,19389.0,3334.0,2653.0,4756.0,37795.0,13832.0,8665.0,62692.0,9891.0,4836.0,7740.0,15628.0,12978.0,2715.0,316962.0
2021-01-06 06:00:00,32182.0,77876.0,19389.0,3334.0,2653.0,4756.0,37795.0,13832.0,8665.0,62692.0,9891.0,4836.0,7740.0,15628.0,12978.0,2715.0,316962.0
2021-01-06 07:00:00,32182.0,77876.0,19389.0,3334.0,2653.0,4756.0,37795.0,13832.0,8665.0,62692.0,9891.0,4836.0,7740.0,15628.0,12978.0,2715.0,316962.0
2021-01-06 08:00:00,32182.0,77876.0,19389.0,3334.0,2653.0,4756.0,37795.0,13832.0,8665.0,62692.0,9891.0,4836.0,7740.0,15628.0,12978.0,2715.0,316962.0
2021-01-06 09:00:00,32182.0,77876.0,19389.0,3334.0,2653.0,4756.0,37795.0,13832.0,8665.0,62692.0,9891.0,4836.0,7740.0,15628.0,12978.0,2715.0,316962.0
2021-01-06 10:00:00,32182.0,77876.0,19389.0,3334.0,2653.0,4756.0,37795.0,13832.0,8665.0,62692.0,9891.0,4836.0,7740.0,15628.0,12978.0,2715.0,316962.0
2021-01-06 11:00:00,32182.0,77876.0,19389.0,3334.0,2653.0,4756.0,37795.0,13832.0,8665.0,62692.0,9891.0,4836.0,7740.0,15628.0,12978.0,2715.0,316962.0
2021-01-06 12:00:00,37840.0,82749.0,21955.0,5404.0,3195.0,5901.0,41298.0,18014.0,15164.0,69225.0,12336.0,5633.0,10767.0,17123.0,17016.0,3711.0,367331.0
2021-01-06 13:00:00,37840.0,82749.0,21955.0,5404.0,3195.0,5901.0,41298.0,18014.0,15164.0,69225.0,12336.0,5633.0,10767.0,17123.0,17016.0,3711.0,367331.0
2021-01-06 14:00:00,37840.0,82749.0,21955.0,5404.0,3195.0,5901.0,41298.0,18014.0,15164.0,69225.0,12336.0,5633.0,10767.0,17123.0,17016.0,3711.0,367331.0
2021-01-06 15:00:00,37840.0,82749.0,21955.0,5404.0,3195.0,5901.0,41298.0,18014.0,15164.0,69225.0,12336.0,5633.0,10767.0,17123.0,17016.0,3711.0,367331.0
2021-01-06 16:00:00,37840.0,82749.0,21955.0,5404.0,3195.0,5901.0,41298.0,18014.0,15164.0,69225.0,12336.0,5633.0,10767.0,17123.0,17016.0,3711.0,367331.0
2021-01-06 17:00:00,37840.0,82749.0,21955.0,5404.0,3195.0,5901.0,41298.0,18014.0,15164.0,69225.0,12336.0,5633.0,10767.0,17123.0,17016.0,3711.0,367331.0
2021-01-06 18:00:00,37840.0,82749.0,21955.0,5404.0,3195.0,5901.0,41298.0,18014.0,15164.0,69225.0,12336.0,5633.0,10767.0,17123.0,17016.0,3711.0,367331.0
2021-01-06 19:00:00,37840.0,82749.0,21955.0,5404.0,3195.0,5901.0,41298.0,18014.0,15164.0,69225.0,12336.0,5633.0,10767.0,17123.0,17016.0,3711.0,367331.0
2021-01-06 20:00:00,37840.0,82749.0,21955.0,5404.0,3195.0,5901.0,41298.0,18014.0,15164.0,69225.0,12336.0,5633.0,10767.0,17123.0,17016.0,3711.0,367331.0
2021-01-06 21:00:00,37840.0,82749.0,21955.0,5404.0,3195.0,5901.0,41298.0,18014.0,15164.0,69225.0,12336.0,5633.0,10767.0,17123.0,17016.0,3711.0,367331.0
2021-01-06 22:00:00,37840.0,82749.0,21955.0,5404.0,3195.0,5901.0,41298.0,18014.0,15164.0,69225.0,12336.0,5633.0,10767.0,17123.0,17016.0,3711.0,367331.0
2021-01-06 23:00:00,37840.0,82749.0,21955.0,5404.0,3195.0,5901.0,41298.0,18014.0,15164.0,69225.0,12336.0,5633.0,10767.0,17123.0,17016.0,3711.0,367331.0
2021-01-07 00:00:00,37840.0,82749.0,21955.0,5404.0,3195.0,5901.0,41298.0,18014.0,15164.0,69225.0,12336.0,5633.0,10767.0,17123.0,17016.0,3711.0,367331.0
2021-01-07 01:00:00,37840.0,82749.0,21955.0,5404.0,3195.0,5901.0,41298.0,18014.0,15164.0,69225.0,12336.0,5633.0,10767.0,17123.0,17016.0,3711.0,367331.0
2021-01-07 02:00:00,37840.0,82749.0,21955.0,5404.0,3195.0,5901.0,41298.0,18014.0,15164.0,69225.0,12336.0,5633.0,10767.0,17123.0,17016.0,3711.0,367331.0
2021-01-07 03:00:00,37840.0,82749.0,21955.0,5404.0,3195.0,5901.0,41298.0,18014.0,15164.0,69225.0,12336.0,5633.0,10767.0,17123.0,17016.0,3711.0,367331.0
2021-01-07 04:00:00,37840.0,82749.0,21955.0,5404.0,3195.0,5901.0,41298.0,18014.0,15164.0,69225.0,12336.0,5633.0,10767.0,17123.0,17016.0,3711.0,367331.0
2021-01-07 05:00:00,37840.0,82749.0,21955.0,5404.0,3195.0,5901.0,41298.0,18014.0,15164.0,69225.0,12336.0,5633.0,10767.0,17123.0,17016.0,3711.0,367331.0
2021-01-07 06:00:00,37840.0,82749.0,21955.0,5404.0,3195.0,5901.0,41298.0,18014.0,15164.0,69225.0,12336.0,5633.0,10767.0,17123.0,17016.0,3711.0,367331.0
2021-01-07 07:00:00,37840.0,82749.0,21955.0,5404.0,3195.0,5901.0,41298.0,18014.0,15164.0,69225.0,12336.0,5633.0,10767.0,17123.0,17016.0,3711.0,367331.0
2021-01-07 08:00:00,37840.0,82749.0,21955.0,5404.0,3195.0,5901.0,41298.0,18014.0,15164.0,69225.0,12336.0,5633.0,10767.0,17123.0,17016.0,3711.0,367331.0
2021-01-07 09:00:00,37840.0,82749.0,21955.0,5404.0,3195.0,5901.0,41298.0,18014.0,15164.0,69225.0,12336.0,5633.0,10767.0,17123.0,17016.0,3711.0,367331.0
2021-01-07 10:00:00,37840.0,82749.0,21955.0,5404.0,3195.0,5901.0,41298.0,18014.0,15164.0,69225.0,12336.0,5633.0,10767.0,17123.0,17016.0,3711.0,367331.0
2021-01-07 11:00:00,37840.0,82749.0,21955.0,5404.0,3195.0,5901.0,41298.0,18014.0,15164.0,69225.0,12336.0,5633.0,10767.0,17123.0,17016.0,3711.0,367331.0
2021-01-07 13:00:00,42899.0,84349.0,24159.0,8182.0,3825.0,7079.0,44122.0,21713.0,22608.0,79578.0,15984.0,6511.0,13006.0,17624.0,20078.0,5343.0,417060.0
2021-01-07 14:00:00,42899.0,84349.0,24159.0,8182.0,3825.0,7079.0,44122.0,21713.0,22608.0,79578.0,15984.0,6511.0,13006.0,17624.0,20078.0,5343.0,417060.0
2021-01-07 15:00:00,42899.0,84349.0,24159.0,8182.0,3825.0,7079.0,44122.0,21713.0,22608.0,79578.0,15984.0,6511.0,13006.0,17624.0,20078.0,5343.0,417060.0
2021-01-07 16:00:00,42899.0,84349.0,24159.0,8182.0,3825.0,7079.0,44122.0,21713.0,22608.0,79578.0,15984.0,6511.0,13006.0,17624.0,20078.0,5343.0,417060.0
2021-01-07 17:00:00,42899.0,84349.0,24159.0,8182.0,3825.0,7079.0,44122.0,21713.0,22608.0,79578.0,15984.0,6511.0,13006.0,17624.0,20078.0,5343.0,417060.0
2021-01-07 18:00:00,42899.0,84349.0,24159.0,8182.0,3825.0,7079.0,44122.0,21713.0,22608.0,79578.0,15984.0,6511.0,13006.0,17624.0,20078.0,5343.0,417060.0
2021-01-07 19:00:00,42899.0,84349.0,24159.0,8182.0,3825.0,7079.0,44122.0,21713.0,22608.0,79578.0,15984.0,6511.0,13006.0,17624.0,20078.0,5343.0,417060.0
2021-01-07 20:00:00,42899.0,84349.0,24159.0,8182.0,3825.0,7079.0,44122.0,21713.0,22608.0,79578.0,15984.0,6511.0,13006.0,17624.0,20078.0,5343.0,417060.0
2021-01-07 21:00:00,42899.0,84349.0,24159.0,8182.0,3825.0,7079.0,44122.0,21713.0,22608.0,79578.0,15984.0,6511.0,13006.0,17624.0,20078.0,5343.0,417060.0
2021-01-07 22:00:00,42899.0,84349.0,24159.0,8182.0,3825.0,7079.0,44122.0,21713.0,22608.0,79578.0,15984.0,6511.0,13006.0,17624.0,20078.0,5343.0,417060.0
2021-01-07 23:00:00,42899.0,84349.0,24159.0,8182.0,3825.0,7079.0,44122.0,21713.0,22608.0,79578.0,15984.0,6511.0,13006.0,17624.0,20078.0,5343.0,417060.0
2021-01-08 00:00:00,42899.0,84349.0,24159.0,8182.0,3825.0,7079.0,44122.0,21713.0,22608.0,79578.0,15984.0,6511.0,13006.0,17624.0,20078.0,5343.0,417060.0
2021-01-08 01:00:00,42899.0,84349.0,24159.0,8182.0,3825.0,7079.0,44122.0,21713.0,22608.0,79578.0,15984.0,6511.0,13006.0,17624.0,20078.0,5343.0,417060.0
2021-01-08 02:00:00,42899.0,84349.0,24159.0,8182.0,3825.0,7079.0,44122.0,21713.0,22608.0,79578.0,15984.0,6511.0,13006.0,17624.0,20078.0,5343.0,417060.0
2021-01-08 03:00:00,42899.0,84349.0,24159.0,8182.0,3825.0,7079.0,44122.0,21713.0,22608.0,79578.0,15984.0,6511.0,13006.0,17624.0,20078.0,5343.0,417060.0
2021-01-08 04:00:00,42899.0,84349.0,24159.0,8182.0,3825.0,7079.0,44122.0,21713.0,22608.0,79578.0,15984.0,6511.0,13006.0,17624.0,20078.0,5343.0,417060.0
2021-01-08 05:00:00,42899.0,84349.0,24159.0,8182.0,3825.0,7079.0,44122.0,21713.0,22608.0,79578.0,15984.0,6511.0,13006.0,17624.0,20078.0,5343.0,417060.0
2021-01-08 06:00:00,42899.0,84349.0,24159.0,8182.0,3825.0,7079.0,44122.0,21713.0,22608.0,79578.0,15984.0,6511.0,13006.0,17624.0,20078.0,5343.0,417060.0
2021-01-08 07:00:00,42899.0,84349.0,24159.0,8182.0,3825.0,7079.0,44122.0,21713.0,22608.0,79578.0,15984.0,6511.0,13006.0,17624.0,20078.0,5343.0,417060.0
2021-01-08 08:00:00,42899.0,84349.0,24159.0,8182.0,3825.0,7079.0,44122.0,21713.0,22608.0,79578.0,15984.0,6511.0,13006.0,17624.0,20078.0,5343.0,417060.0
2021-01-08 09:00:00,42899.0,84349.0,24159.0,8182.0,3825.0,7079.0,44122.0,21713.0,22608.0,79578.0,15984.0,6511.0,13006.0,17624.0,20078.0,5343.0,417060.0
2021-01-08 10:00:00,42899.0,84349.0,24159.0,8182.0,3825.0,7079.0,44122.0,21713.0,22608.0,79578.0,15984.0,6511.0,13006.0,17624.0,20078.0,5343.0,417060.0
2021-01-08 11:00:00,49103.0,88916.0,26406.0,11481.0,4505.0,8471.0,46006.0,24060.0,32170.0,90802.0,20792.0,7358.0,15593.0,19399.0,23903.0,7994.0,476959.0
2021-01-08 12:00:00,49103.0,88916.0,26406.0,11481.0,4505.0,8471.0,46006.0,24060.0,32170.0,90802.0,20792.0,7358.0,15593.0,19399.0,23903.0,7994.0,476959.0
2021-01-08 13:00:00,49103.0,88916.0,26406.0,11481.0,4505.0,8471.0,46006.0,24060.0,32170.0,90802.0,20792.0,7358.0,15593.0,19399.0,23903.0,7994.0,476959.0
2021-01-08 14:00:00,49103.0,88916.0,26406.0,11481.0,4505.0,8471.0,46006.0,24060.0,32170.0,90802.0,20792.0,7358.0,15593.0,19399.0,23903.0,7994.0,476959.0
2021-01-08 15:00:00,49103.0,88916.0,26406.0,11481.0,4505.0,8471.0,46006.0,24060.0,32170.0,90802.0,20792.0,7358.0,15593.0,19399.0,23903.0,7994.0,476959.0
2021-01-08 16:00:00,49103.0,88916.0,26406.0,11481.0,4505.0,8471.0,46006.0,24060.0,32170.0,90802.0,20792.0,7358.0,15593.0,19399.0,23903.0,7994.0,476959.0
2021-01-08 17:00:00,49103.0,88916.0,26406.0,11481.0,4505.0,8471.0,46006.0,24060.0,32170.0,90802.0,20792.0,7358.0,15593.0,19399.0,23903.0,7994.0,476959.0
2021-01-08 18:00:00,49103.0,88916.0,26406.0,11481.0,4505.0,8471.0,46006.0,24060.0,32170.0,90802.0,20792.0,7358.0,15593.0,19399.0,23903.0,7994.0,476959.0
2021-01-08 19:00:00,49103.0,88916.0,26406.0,11481.0,4505.0,8471.0,46006.0,24060.0,32170.0,90802.0,20792.0,7358.0,15593.0,19399.0,23903.0,7994.0,476959.0
2021-01-08 20:00:00,49103.0,88916.0,26406.0,11481.0,4505.0,8471.0,46006.0,24060.0,32170.0,90802.0,20792.0,7358.0,15593.0,19399.0,23903.0,7994.0,476959.0
2021-01-08 21:00:00,49103.0,88916.0,26406.0,11481.0,4505.0,8471.0,46006.0,24060.0,32170.0,90802.0,20792.0,7358.0,15593.0,19399.0,23903.0,7994.0,476959.0
2021-01-08 22:00:00,49103.0,88916.0,26406.0,11481.0,4505.0,8471.0,46006.0,24060.0,32170.0,90802.0,20792.0,7358.0,15593.0,19399.0,23903.0,7994.0,476959.0
2021-01-08 23:00:00,49103.0,88916.0,26406.0,11481.0,4505.0,8471.0,46006.0,24060.0,32170.0,90802.0,20792.0,7358.0,15593.0,19399.0,23903.0,7994.0,476959.0
2021-01-09 00:00:00,49103.0,88916.0,26406.0,11481.0,4505.0,8471.0,46006.0,24060.0,32170.0,90802.0,20792.0,7358.0,15593.0,19399.0,23903.0,7994.0,476959.0
2021-01-09 01:00:00,49103.0,88916.0,26406.0,11481.0,4505.0,8471.0,46006.0,24060.0,32170.0,90802.0,20792.0,7358.0,15593.0,19399.0,23903.0,7994.0,476959.0
2021-01-09 02:00:00,49103.0,88916.0,26406.0,11481.0,4505.0,8471.0,46006.0,24060.0,32170.0,90802.0,20792.0,7358.0,15593.0,19399.0,23903.0,7994.0,476959.0
2021-01-09 03:00:00,49103.0,88916.0,26406.0,11481.0,4505.0,8471.0,46006.0,24060.0,32170.0,90802.0,20792.0,7358.0,15593.0,19399.0,23903.0,7994.0,476959.0
2021-01-09 04:00:00,49103.0,88916.0,26406.0,11481.0,4505.0,8471.0,46006.0,24060.0,32170.0,90802.0,20792.0,7358.0,15593.0,19399.0,23903.0,7994.0,476959.0
2021-01-09 05:00:00,49103.0,88916.0,26406.0,11481.0,4505.0,8471.0,46006.0,24060.0,32170.0,90802.0,20792.0,7358.0,15593.0,19399.0,23903.0,7994.0,476959.0
2021-01-09 06:00:00,49103.0,88916.0,26406.0,11481.0,4505.0,8471.0,46006.0,24060.0,32170.0,90802.0,20792.0,7358.0,15593.0,19399.0,23903.0,7994.0,476959.0
2021-01-09 07:00:00,49103.0,88916.0,26406.0,11481.0,4505.0,8471.0,46006.0,24060.0,32170.0,90802.0,20792.0,7358.0,15593.0,19399.0,23903.0,7994.0,476959.0
2021-01-09 08:00:00,49103.0,88916.0,26406.0,11481.0,4505.0,8471.0,46006.0,24060.0,32170.0,90802.0,20792.0,7358.0,15593.0,19399.0,23903.0,7994.0,476959.0
2021-01-09 09:00:00,49103.0,88916.0,26406.0,11481.0,4505.0,8471.0,46006.0,24060.0,32170.0,90802.0,20792.0,7358.0,15593.0,19399.0,23903.0,7994.0,476959.0
2021-01-09 10:00:00,49103.0,88916.0,26406.0,11481.0,4505.0,8471.0,46006.0,24060.0,32170.0,90802.0,20792.0,7358.0,15593.0,19399.0,23903.0,7994.0,476959.0
2021-01-09 11:00:00,49103.0,88916.0,26406.0,11481.0,4505.0,8471.0,46006.0,24060.0,32170.0,90802.0,20792.0,7358.0,15593.0,19399.0,23903.0,7994.0,476959.0
2021-01-09 12:00:00,49103.0,88916.0,26406.0,11481.0,4505.0,8471.0,46006.0,24060.0,32170.0,90802.0,20792.0,7358.0,15593.0,19399.0,23903.0,7994.0,476959.0
2021-01-09 13:00:00,49103.0,88916.0,26406.0,11481.0,4505.0,8471.0,46006.0,24060.0,32170.0,90802.0,20792.0,7358.0,15593.0,19399.0,23903.0,7994.0,476959.0
2021-01-09 14:00:00,49103.0,88916.0,26406.0,11481.0,4505.0,8471.0,46006.0,24060.0,32170.0,90802.0,20792.0,7358.0,15593.0,19399.0,23903.0,7994.0,476959.0
2021-01-09 15:00:00,49103.0,88916.0,26406.0,11481.0,4505.0,8471.0,46006.0,24060.0,32170.0,90802.0,20792.0,7358.0,15593.0,19399.0,23903.0,7994.0,476959.0
2021-01-09 16:00:00,55320.0,93966.0,28871.0,13895.0,5291.0,9888.0,48653.0,25141.0,41646.0,98950.0,25482.0,8232.0,17991.0,20799.0,28241.0,10512.0,532878.0
2021-01-09 17:00:00,55320.0,93966.0,28871.0,13895.0,5291.0,9888.0,48653.0,25141.0,41646.0,98950.0,25482.0,8232.0,17991.0,20799.0,28241.0,10512.0,532878.0
2021-01-09 18:00:00,55320.0,93966.0,28871.0,13895.0,5291.0,9888.0,48653.0,25141.0,41646.0,98950.0,25482.0,8232.0,17991.0,20799.0,28241.0,10512.0,532878.0
2021-01-09 19:00:00,55320.0,93966.0,28871.0,13895.0,5291.0,9888.0,48653.0,25141.0,41646.0,98950.0,25482.0,8232.0,17991.0,20799.0,28241.0,10512.0,532878.0
2021-01-09 20:00:00,55320.0,93966.0,28871.0,13895.0,5291.0,9888.0,48653.0,25141.0,41646.0,98950.0,25482.0,8232.0,17991.0,20799.0,28241.0,10512.0,532878.0
2021-01-09 21:00:00,55320.0,93966.0,28871.0,13895.0,5291.0,9888.0,48653.0,25141.0,41646.0,98950.0,25482.0,8232.0,17991.0,20799.0,28241.0,10512.0,532878.0
2021-01-09 22:00:00,55320.0,93966.0,28871.0,13895.0,5291.0,9888.0,48653.0,25141.0,41646.0,98950.0,25482.0,8232.0,17991.0,20799.0,28241.0,10512.0,532878.0
2021-01-09 23:00:00,55320.0,93966.0,28871.0,13895.0,5291.0,9888.0,48653.0,25141.0,41646.0,98950.0,25482.0,8232.0,17991.0,20799.0,28241.0,10512.0,532878.0
2021-01-10 00:00:00,55320.0,93966.0,28871.0,13895.0,5291.0,9888.0,48653.0,25141.0,41646.0,98950.0,25482.0,8232.0,17991.0,20799.0,28241.0,10512.0,532878.0
2021-01-10 01:00:00,55320.0,93966.0,28871.0,13895.0,5291.0,9888.0,48653.0,25141.0,41646.0,98950.0,25482.0,8232.0,17991.0,20799.0,28241.0,10512.0,532878.0
2021-01-10 02:00:00,55320.0,93966.0,28871.0,13895.0,5291.0,9888.0,48653.0,25141.0,41646.0,98950.0,25482.0,8232.0,17991.0,20799.0,28241.0,10512.0,532878.0
2021-01-10 03:00:00,55320.0,93966.0,28871.0,13895.0,5291.0,9888.0,48653.0,25141.0,41646.0,98950.0,25482.0,8232.0,17991.0,20799.0,28241.0,10512.0,532878.0
2021-01-10 04:00:00,55320.0,93966.0,28871.0,13895.0,5291.0,9888.0,48653.0,25141.0,41646.0,98950.0,25482.0,8232.0,17991.0,20799.0,28241.0,10512.0,532878.0
2021-01-10 05:00:00,55320.0,93966.0,28871.0,13895.0,5291.0,9888.0,48653.0,25141.0,41646.0,98950.0,25482.0,8232.0,17991.0,20799.0,28241.0,10512.0,532878.0
2021-01-10 06:00:00,55320.0,93966.0,28871.0,13895.0,5291.0,9888.0,48653.0,25141.0,41646.0,98950.0,25482.0,8232.0,17991.0,20799.0,28241.0,10512.0,532878.0
2021-01-10 07:00:00,55320.0,93966.0,28871.0,13895.0,5291.0,9888.0,48653.0,25141.0,41646.0,98950.0,25482.0,8232.0,17991.0,20799.0,28241.0,10512.0,532878.0
2021-01-10 08:00:00,55320.0,93966.0,28871.0,13895.0,5291.0,9888.0,48653.0,25141.0,41646.0,98950.0,25482.0,8232.0,17991.0,20799.0,28241.0,10512.0,532878.0
2021-01-10 09:00:00,55320.0,93966.0,28871.0,13895.0,5291.0,9888.0,48653.0,25141.0,41646.0,98950.0,25482.0,8232.0,17991.0,20799.0,28241.0,10512.0,532878.0
2021-01-10 10:00:00,55320.0,93966.0,28871.0,13895.0,5291.0,9888.0,48653.0,25141.0,41646.0,98950.0,25482.0,8232.0,17991.0,20799.0,28241.0,10512.0,532878.0
2021-01-10 11:00:00,55320.0,93966.0,28871.0,13895.0,5291.0,9888.0,48653.0,25141.0,41646.0,98950.0,25482.0,8232.0,17991.0,20799.0,28241.0,10512.0,532878.0
2021-01-10 12:00:00,55320.0,93966.0,28871.0,13895.0,5291.0,9888.0,48653.0,25141.0,41646.0,98950.0,25482.0,8232.0,17991.0,20799.0,28241.0,10512.0,532878.0
2021-01-10 13:00:00,55320.0,93966.0,28871.0,13895.0,5291.0,9888.0,48653.0,25141.0,41646.0,98950.0,25482.0,8232.0,17991.0,20799.0,28241.0,10512.0,532878.0
2021-01-10 14:00:00,55320.0,93966.0,28871.0,13895.0,5291.0,9888.0,48653.0,25141.0,41646.0,98950.0,25482.0,8232.0,17991.0,20799.0,28241.0,10512.0,532878.0
2021-01-10 15:00:00,55320.0,93966.0,28871.0,13895.0,5291.0,9888.0,48653.0,25141.0,41646.0,98950.0,25482.0,8232.0,17991.0,20799.0,28241.0,10512.0,532878.0
2021-01-10 16:00:00,55320.0,93966.0,28871.0,13895.0,5291.0,9888.0,48653.0,25141.0,41646.0,98950.0,25482.0,8232.0,17991.0,20799.0,28241.0,10512.0,532878.0
2021-01-10 17:00:00,55320.0,93966.0,28871.0,13895.0,5291.0,9888.0,48653.0,25141.0,41646.0,98950.0,25482.0,8232.0,17991.0,20799.0,28241.0,10512.0,532878.0
2021-01-10 18:00:00,55320.0,93966.0,28871.0,13895.0,5291.0,9888.0,48653.0,25141.0,41646.0,98950.0,25482.0,8232.0,17991.0,20799.0,28241.0,10512.0,532878.0
2021-01-10 19:00:00,55320.0,93966.0,28871.0,13895.0,5291.0,9888.0,48653.0,25141.0,41646.0,98950.0,25482.0,8232.0,17991.0,20799.0,28241.0,10512.0,532878.0
2021-01-10 20:00:00,55320.0,93966.0,28871.0,13895.0,5291.0,9888.0,48653.0,25141.0,41646.0,98950.0,25482.0,8232.0,17991.0,20799.0,28241.0,10512.0,532878.0
2021-01-10 21:00:00,55320.0,93966.0,28871.0,13895.0,5291.0,9888.0,48653.0,25141.0,41646.0,98950.0,25482.0,8232.0,17991.0,20799.0,28241.0,10512.0,532878.0
2021-01-10 22:00:00,55320.0,93966.0,28871.0,13895.0,5291.0,9888.0,48653.0,25141.0,41646.0,98950.0,25482.0,8232.0,17991.0,20799.0,28241.0,10512.0,532878.0
2021-01-10 23:00:00,55320.0,93966.0,28871.0,13895.0,5291.0,9888.0,48653.0,25141.0,41646.0,98950.0,25482.0,8232.0,17991.0,20799.0,28241.0,10512.0,532878.0
2021-01-11 00:00:00,55320.0,93966.0,28871.0,13895.0,5291.0,9888.0,48653.0,25141.0,41646.0,98950.0,25482.0,8232.0,17991.0,20799.0,28241.0,10512.0,532878.0
2021-01-11 01:00:00,55320.0,93966.0,28871.0,13895.0,5291.0,9888.0,48653.0,25141.0,41646.0,98950.0,25482.0,8232.0,17991.0,20799.0,28241.0,10512.0,532878.0
2021-01-11 02:00:00,55320.0,93966.0,28871.0,13895.0,5291.0,9888.0,48653.0,25141.0,41646.0,98950.0,25482.0,8232.0,17991.0,20799.0,28241.0,10512.0,532878.0
2021-01-11 03:00:00,55320.0,93966.0,28871.0,13895.0,5291.0,9888.0,48653.0,25141.0,41646.0,98950.0,25482.0,8232.0,17991.0,20799.0,28241.0,10512.0,532878.0
2021-01-11 04:00:00,55320.0,93966.0,28871.0,13895.0,5291.0,9888.0,48653.0,25141.0,41646.0,98950.0,25482.0,8232.0,17991.0,20799.0,28241.0,10512.0,532878.0
2021-01-11 05:00:00,55320.0,93966.0,28871.0,13895.0,5291.0,9888.0,48653.0,25141.0,41646.0,98950.0,25482.0,8232.0,17991.0,20799.0,28241.0,10512.0,532878.0
2021-01-11 06:00:00,55320.0,93966.0,28871.0,13895.0,5291.0,9888.0,48653.0,25141.0,41646.0,98950.0,25482.0,8232.0,17991.0,20799.0,28241.0,10512.0,532878.0
2021-01-11 07:00:00,55320.0,93966.0,28871.0,13895.0,5291.0,9888.0,48653.0,25141.0,41646.0,98950.0,25482.0,8232.0,17991.0,20799.0,28241.0,10512.0,532878.0
2021-01-11 08:00:00,55320.0,93966.0,28871.0,13895.0,5291.0,9888.0,48653.0,25141.0,41646.0,98950.0,25482.0,8232.0,17991.0,20799.0,28241.0,10512.0,532878.0
2021-01-11 09:00:00,55320.0,93966.0,28871.0,13895.0,5291.0,9888.0,48653.0,25141.0,41646.0,98950.0,25482.0,8232.0,17991.0,20799.0,28241.0,10512.0,532878.0
2021-01-11 10:00:00,55320.0,93966.0,28871.0,13895.0,5291.0,9888.0,48653.0,25141.0,41646.0,98950.0,25482.0,8232.0,17991.0,20799.0,28241.0,10512.0,532878.0
2021-01-11 11:00:00,55320.0,93966.0,28871.0,13895.0,5291.0,9888.0,48653.0,25141.0,41646.0,98950.0,25482.0,8232.0,17991.0,20799.0,28241.0,10512.0,532878.0
2021-01-11 12:00:00,65488.0,120136.0,32014.0,14063.0,6303.0,12695.0,54361.0,25141.0,45342.0,114762.0,29994.0,9157.0,19756.0,21914.0,31431.0,10790.0,613347.0
2021-01-11 13:00:00,65488.0,120136.0,32014.0,14063.0,6303.0,12695.0,54361.0,25141.0,45342.0,114762.0,29994.0,9157.0,19756.0,21914.0,31431.0,10790.0,613347.0
2021-01-11 14:00:00,65488.0,120136.0,32014.0,14063.0,6303.0,12695.0,54361.0,25141.0,45342.0,114762.0,29994.0,9157.0,19756.0,21914.0,31431.0,10790.0,613347.0
2021-01-11 15:00:00,65488.0,120136.0,32014.0,14063.0,6303.0,12695.0,54361.0,25141.0,45342.0,114762.0,29994.0,9157.0,19756.0,21914.0,31431.0,10790.0,613347.0
2021-01-11 16:00:00,65488.0,120136.0,32014.0,14063.0,6303.0,12695.0,54361.0,25141.0,45342.0,114762.0,29994.0,9157.0,19756.0,21914.0,31431.0,10790.0,613347.0
2021-01-11 17:00:00,65488.0,120136.0,32014.0,14063.0,6303.0,12695.0,54361.0,25141.0,45342.0,114762.0,29994.0,9157.0,19756.0,21914.0,31431.0,10790.0,613347.0
2021-01-11 18:00:00,65488.0,120136.0,32014.0,14063.0,6303.0,12695.0,54361.0,25141.0,45342.0,114762.0,29994.0,9157.0,19756.0,21914.0,31431.0,10790.0,613347.0
2021-01-11 19:00:00,65488.0,120136.0,32014.0,14063.0,6303.0,12695.0,54361.0,25141.0,45342.0,114762.0,29994.0,9157.0,19756.0,21914.0,31431.0,10790.0,613347.0
2021-01-11 20:00:00,65488.0,120136.0,32014.0,14063.0,6303.0,12695.0,54361.0,25141.0,45342.0,114762.0,29994.0,9157.0,19756.0,21914.0,31431.0,10790.0,613347.0
2021-01-11 21:00:00,65488.0,120136.0,32014.0,14063.0,6303.0,12695.0,54361.0,25141.0,45342.0,114762.0,29994.0,9157.0,19756.0,21914.0,31431.0,10790.0,613347.0
2021-01-11 22:00:00,65488.0,120136.0,32014.0,14063.0,6303.0,12695.0,54361.0,25141.0,45342.0,114762.0,29994.0,9157.0,19756.0,21914.0,31431.0,10790.0,613347.0
2021-01-11 23:00:00,65488.0,120136.0,32014.0,14063.0,6303.0,12695.0,54361.0,25141.0,45342.0,114762.0,29994.0,9157.0,19756.0,21914.0,31431.0,10790.0,613347.0
2021-01-12 00:00:00,65488.0,120136.0,32014.0,14063.0,6303.0,12695.0,54361.0,25141.0,45342.0,114762.0,29994.0,9157.0,19756.0,21914.0,31431.0,10790.0,613347.0
2021-01-12 01:00:00,65488.0,120136.0,32014.0,14063.0,6303.0,12695.0,54361.0,25141.0,45342.0,114762.0,29994.0,9157.0,19756.0,21914.0,31431.0,10790.0,613347.0
2021-01-12 02:00:00,65488.0,120136.0,32014.0,14063.0,6303.0,12695.0,54361.0,25141.0,45342.0,114762.0,29994.0,9157.0,19756.0,21914.0,31431.0,10790.0,613347.0
2021-01-12 03:00:00,65488.0,120136.0,32014.0,14063.0,6303.0,12695.0,54361.0,25141.0,45342.0,114762.0,29994.0,9157.0,19756.0,21914.0,31431.0,10790.0,613347.0
2021-01-12 04:00:00,65488.0,120136.0,32014.0,14063.0,6303.0,12695.0,54361.0,25141.0,45342.0,114762.0,29994.0,9157.0,19756.0,21914.0,31431.0,10790.0,613347.0
2021-01-12 05:00:00,65488.0,120136.0,32014.0,14063.0,6303.0,12695.0,54361.0,25141.0,45342.0,114762.0,29994.0,9157.0,19756.0,21914.0,31431.0,10790.0,613347.0
2021-01-12 06:00:00,65488.0,120136.0,32014.0,14063.0,6303.0,12695.0,54361.0,25141.0,45342.0,114762.0,29994.0,9157.0,19756.0,21914.0,31431.0,10790.0,613347.0
2021-01-12 07:00:00,65488.0,120136.0,32014.0,14063.0,6303.0,12695.0,54361.0,25141.0,45342.0,114762.0,29994.0,9157.0,19756.0,21914.0,31431.0,10790.0,613347.0
2021-01-12 08:00:00,65488.0,120136.0,32014.0,14063.0,6303.0,12695.0,54361.0,25141.0,45342.0,114762.0,29994.0,9157.0,19756.0,21914.0,31431.0,10790.0,613347.0
2021-01-12 09:00:00,65488.0,120136.0,32014.0,14063.0,6303.0,12695.0,54361.0,25141.0,45342.0,114762.0,29994.0,9157.0,19756.0,21914.0,31431.0,10790.0,613347.0
2021-01-12 10:00:00,65488.0,120136.0,32014.0,14063.0,6303.0,12695.0,54361.0,25141.0,45342.0,114762.0,29994.0,9157.0,19756.0,21914.0,31431.0,10790.0,613347.0
2021-01-12 11:00:00,65488.0,120136.0,32014.0,14063.0,6303.0,12695.0,54361.0,25141.0,45342.0,114762.0,29994.0,9157.0,19756.0,21914.0,31431.0,10790.0,613347.0
2021-01-12 12:00:00,73776.0,135986.0,33798.0,15091.0,6999.0,14273.0,57475.0,26926.0,54168.0,124637.0,36466.0,10130.0,23701.0,24413.0,38426.0,12517.0,688782.0
2021-01-12 13:00:00,73776.0,135986.0,33798.0,15091.0,6999.0,14273.0,57475.0,26926.0,54168.0,124637.0,36466.0,10130.0,23701.0,24413.0,38426.0,12517.0,688782.0
2021-01-12 14:00:00,73776.0,135986.0,33798.0,15091.0,6999.0,14273.0,57475.0,26926.0,54168.0,124637.0,36466.0,10130.0,23701.0,24413.0,38426.0,12517.0,688782.0
2021-01-12 15:00:00,73776.0,135986.0,33798.0,15091.0,6999.0,14273.0,57475.0,26926.0,54168.0,124637.0,36466.0,10130.0,23701.0,24413.0,38426.0,12517.0,688782.0
2021-01-12 16:00:00,73776.0,135986.0,33798.0,15091.0,6999.0,14273.0,57475.0,26926.0,54168.0,124637.0,36466.0,10130.0,23701.0,24413.0,38426.0,12517.0,688782.0
2021-01-12 17:00:00,73776.0,135986.0,33798.0,15091.0,6999.0,14273.0,57475.0,26926.0,54168.0,124637.0,36466.0,10130.0,23701.0,24413.0,38426.0,12517.0,688782.0
2021-01-12 18:00:00,73776.0,135986.0,33798.0,15091.0,6999.0,14273.0,57475.0,26926.0,54168.0,124637.0,36466.0,10130.0,23701.0,24413.0,38426.0,12517.0,688782.0
2021-01-12 19:00:00,73776.0,135986.0,33798.0,15091.0,6999.0,14273.0,57475.0,26926.0,54168.0,124637.0,36466.0,10130.0,23701.0,24413.0,38426.0,12517.0,688782.0
2021-01-12 20:00:00,73776.0,135986.0,33798.0,15091.0,6999.0,14273.0,57475.0,26926.0,54168.0,124637.0,36466.0,10130.0,23701.0,24413.0,38426.0,12517.0,688782.0
2021-01-12 21:00:00,73776.0,135986.0,33798.0,15091.0,6999.0,14273.0,57475.0,26926.0,54168.0,124637.0,36466.0,10130.0,23701.0,24413.0,38426.0,12517.0,688782.0
2021-01-12 22:00:00,73776.0,135986.0,33798.0,15091.0,6999.0,14273.0,57475.0,26926.0,54168.0,124637.0,36466.0,10130.0,23701.0,24413.0,38426.0,12517.0,688782.0
2021-01-12 23:00:00,73776.0,135986.0,33798.0,15091.0,6999.0,14273.0,57475.0,26926.0,54168.0,124637.0,36466.0,10130.0,23701.0,24413.0,38426.0,12517.0,688782.0
2021-01-13 00:00:00,73776.0,135986.0,33798.0,15091.0,6999.0,14273.0,57475.0,26926.0,54168.0,124637.0,36466.0,10130.0,23701.0,24413.0,38426.0,12517.0,688782.0
2021-01-13 01:00:00,73776.0,135986.0,33798.0,15091.0,6999.0,14273.0,57475.0,26926.0,54168.0,124637.0,36466.0,10130.0,23701.0,24413.0,38426.0,12517.0,688782.0
2021-01-13 02:00:00,73776.0,135986.0,33798.0,15091.0,6999.0,14273.0,57475.0,26926.0,54168.0,124637.0,36466.0,10130.0,23701.0,24413.0,38426.0,12517.0,688782.0
2021-01-13 03:00:00,73776.0,135986.0,33798.0,15091.0,6999.0,14273.0,57475.0,26926.0,54168.0,124637.0,36466.0,10130.0,23701.0,24413.0,38426.0,12517.0,688782.0
2021-01-13 04:00:00,73776.0,135986.0,33798.0,15091.0,6999.0,14273.0,57475.0,26926.0,54168.0,124637.0,36466.0,10130.0,23701.0,24413.0,38426.0,12517.0,688782.0
2021-01-13 05:00:00,73776.0,135986.0,33798.0,15091.0,6999.0,14273.0,57475.0,26926.0,54168.0,124637.0,36466.0,10130.0,23701.0,24413.0,38426.0,12517.0,688782.0
2021-01-13 06:00:00,73776.0,135986.0,33798.0,15091.0,6999.0,14273.0,57475.0,26926.0,54168.0,124637.0,36466.0,10130.0,23701.0,24413.0,38426.0,12517.0,688782.0
2021-01-13 07:00:00,73776.0,135986.0,33798.0,15091.0,6999.0,14273.0,57475.0,26926.0,54168.0,124637.0,36466.0,10130.0,23701.0,24413.0,38426.0,12517.0,688782.0
2021-01-13 08:00:00,73776.0,135986.0,33798.0,15091.0,6999.0,14273.0,57475.0,26926.0,54168.0,124637.0,36466.0,10130.0,23701.0,24413.0,38426.0,12517.0,688782.0
2021-01-13 09:00:00,73776.0,135986.0,33798.0,15091.0,6999.0,14273.0,57475.0,26926.0,54168.0,124637.0,36466.0,10130.0,23701.0,24413.0,38426.0,12517.0,688782.0
2021-01-13 10:00:00,73776.0,135986.0,33798.0,15091.0,6999.0,14273.0,57475.0,26926.0,54168.0,124637.0,36466.0,10130.0,23701.0,24413.0,38426.0,12517.0,688782.0
2021-01-13 11:00:00,73776.0,135986.0,33798.0,15091.0,6999.0,14273.0,57475.0,26926.0,54168.0,124637.0,36466.0,10130.0,23701.0,24413.0,38426.0,12517.0,688782.0
2021-01-13 12:00:00,73776.0,135986.0,33798.0,15091.0,6999.0,14273.0,57475.0,26926.0,54168.0,124637.0,36466.0,10130.0,23701.0,24413.0,38426.0,12517.0,688782.0
2021-01-13 13:00:00,76762.0,150511.0,35893.0,19590.0,7753.0,15980.0,60344.0,29100.0,63200.0,129472.0,45326.0,11199.0,29421.0,27320.0,43162.0,13060.0,758093.0
2021-01-13 14:00:00,76762.0,150511.0,35893.0,19590.0,7753.0,15980.0,60344.0,29100.0,63200.0,129472.0,45326.0,11199.0,29421.0,27320.0,43162.0,13060.0,758093.0
2021-01-13 15:00:00,76762.0,150511.0,35893.0,19590.0,7753.0,15980.0,60344.0,29100.0,63200.0,129472.0,45326.0,11199.0,29421.0,27320.0,43162.0,13060.0,758093.0
2021-01-13 16:00:00,76762.0,150511.0,35893.0,19590.0,7753.0,15980.0,60344.0,29100.0,63200.0,129472.0,45326.0,11199.0,29421.0,27320.0,43162.0,13060.0,758093.0
2021-01-13 17:00:00,76762.0,150511.0,35893.0,19590.0,7753.0,15980.0,60344.0,29100.0,63200.0,129472.0,45326.0,11199.0,29421.0,27320.0,43162.0,13060.0,758093.0
2021-01-13 18:00:00,76762.0,150511.0,35893.0,19590.0,7753.0,15980.0,60344.0,29100.0,63200.0,129472.0,45326.0,11199.0,29421.0,27320.0,43162.0,13060.0,758093.0
2021-01-13 19:00:00,76762.0,150511.0,35893.0,19590.0,7753.0,15980.0,60344.0,29100.0,63200.0,129472.0,45326.0,11199.0,29421.0,27320.0,43162.0,13060.0,758093.0
2021-01-13 20:00:00,76762.0,150511.0,35893.0,19590.0,7753.0,15980.0,60344.0,29100.0,63200.0,129472.0,45326.0,11199.0,29421.0,27320.0,43162.0,13060.0,758093.0
2021-01-13 21:00:00,76762.0,150511.0,35893.0,19590.0,7753.0,15980.0,60344.0,29100.0,63200.0,129472.0,45326.0,11199.0,29421.0,27320.0,43162.0,13060.0,758093.0
2021-01-13 22:00:00,76762.0,150511.0,35893.0,19590.0,7753.0,15980.0,60344.0,29100.0,63200.0,129472.0,45326.0,11199.0,29421.0,27320.0,43162.0,13060.0,758093.0
2021-01-13 23:00:00,76762.0,150511.0,35893.0,19590.0,7753.0,15980.0,60344.0,29100.0,63200.0,129472.0,45326.0,11199.0,29421.0,27320.0,43162.0,13060.0,758093.0
2021-01-14 00:00:00,76762.0,150511.0,35893.0,19590.0,7753.0,15980.0,60344.0,29100.0,63200.0,129472.0,45326.0,11199.0,29421.0,27320.0,43162.0,13060.0,758093.0
2021-01-14 01:00:00,76762.0,150511.0,35893.0,19590.0,7753.0,15980.0,60344.0,29100.0,63200.0,129472.0,45326.0,11199.0,29421.0,27320.0,43162.0,13060.0,758093.0
2021-01-14 02:00:00,76762.0,150511.0,35893.0,19590.0,7753.0,15980.0,60344.0,29100.0,63200.0,129472.0,45326.0,11199.0,29421.0,27320.0,43162.0,13060.0,758093.0
2021-01-14 03:00:00,76762.0,150511.0,35893.0,19590.0,7753.0,15980.0,60344.0,29100.0,63200.0,129472.0,45326.0,11199.0,29421.0,27320.0,43162.0,13060.0,758093.0
2021-01-14 04:00:00,76762.0,150511.0,35893.0,19590.0,7753.0,15980.0,60344.0,29100.0,63200.0,129472.0,45326.0,11199.0,29421.0,27320.0,43162.0,13060.0,758093.0
2021-01-14 05:00:00,76762.0,150511.0,35893.0,19590.0,7753.0,15980.0,60344.0,29100.0,63200.0,129472.0,45326.0,11199.0,29421.0,27320.0,43162.0,13060.0,758093.0
2021-01-14 06:00:00,76762.0,150511.0,35893.0,19590.0,7753.0,15980.0,60344.0,29100.0,63200.0,129472.0,45326.0,11199.0,29421.0,27320.0,43162.0,13060.0,758093.0
2021-01-14 07:00:00,76762.0,150511.0,35893.0,19590.0,7753.0,15980.0,60344.0,29100.0,63200.0,129472.0,45326.0,11199.0,29421.0,27320.0,43162.0,13060.0,758093.0
2021-01-14 08:00:00,76762.0,150511.0,35893.0,19590.0,7753.0,15980.0,60344.0,29100.0,63200.0,129472.0,45326.0,11199.0,29421.0,27320.0,43162.0,13060.0,758093.0
2021-01-14 09:00:00,76762.0,150511.0,35893.0,19590.0,7753.0,15980.0,60344.0,29100.0,63200.0,129472.0,45326.0,11199.0,29421.0,27320.0,43162.0,13060.0,758093.0
2021-01-14 10:00:00,76762.0,150511.0,35893.0,19590.0,7753.0,15980.0,60344.0,29100.0,63200.0,129472.0,45326.0,11199.0,29421.0,27320.0,43162.0,13060.0,758093.0
2021-01-14 11:00:00,76762.0,150511.0,35893.0,19590.0,7753.0,15980.0,60344.0,29100.0,63200.0,129472.0,45326.0,11199.0,29421.0,27320.0,43162.0,13060.0,758093.0
2021-01-14 12:00:00,76762.0,150511.0,35893.0,19590.0,7753.0,15980.0,60344.0,29100.0,63200.0,129472.0,45326.0,11199.0,29421.0,27320.0,43162.0,13060.0,758093.0
2021-01-14 13:00:00,82300.0,167915.0,38408.0,27102.0,8890.0,18150.0,62171.0,32998.0,70444.0,142066.0,54189.0,12243.0,34588.0,29448.0,47498.0,14045.0,842455.0
2021-01-14 14:00:00,82300.0,167915.0,38408.0,27102.0,8890.0,18150.0,62171.0,32998.0,70444.0,142066.0,54189.0,12243.0,34588.0,29448.0,47498.0,14045.0,842455.0
2021-01-14 15:00:00,82300.0,167915.0,38408.0,27102.0,8890.0,18150.0,62171.0,32998.0,70444.0,142066.0,54189.0,12243.0,34588.0,29448.0,47498.0,14045.0,842455.0
2021-01-14 16:00:00,82300.0,167915.0,38408.0,27102.0,8890.0,18150.0,62171.0,32998.0,70444.0,142066.0,54189.0,12243.0,34588.0,29448.0,47498.0,14045.0,842455.0
2021-01-14 17:00:00,82300.0,167915.0,38408.0,27102.0,8890.0,18150.0,62171.0,32998.0,70444.0,142066.0,54189.0,12243.0,34588.0,29448.0,47498.0,14045.0,842455.0
2021-01-14 18:00:00,82300.0,167915.0,38408.0,27102.0,8890.0,18150.0,62171.0,32998.0,70444.0,142066.0,54189.0,12243.0,34588.0,29448.0,47498.0,14045.0,842455.0
2021-01-14 19:00:00,82300.0,167915.0,38408.0,27102.0,8890.0,18150.0,62171.0,32998.0,70444.0,142066.0,54189.0,12243.0,34588.0,29448.0,47498.0,14045.0,842455.0
2021-01-14 20:00:00,82300.0,167915.0,38408.0,27102.0,8890.0,18150.0,62171.0,32998.0,70444.0,142066.0,54189.0,12243.0,34588.0,29448.0,47498.0,14045.0,842455.0
2021-01-14 21:00:00,82300.0,167915.0,38408.0,27102.0,8890.0,18150.0,62171.0,32998.0,70444.0,142066.0,54189.0,12243.0,34588.0,29448.0,47498.0,14045.0,842455.0
2021-01-14 22:00:00,82300.0,167915.0,38408.0,27102.0,8890.0,18150.0,62171.0,32998.0,70444.0,142066.0,54189.0,12243.0,34588.0,29448.0,47498.0,14045.0,842455.0
2021-01-14 23:00:00,82300.0,167915.0,38408.0,27102.0,8890.0,18150.0,62171.0,32998.0,70444.0,142066.0,54189.0,12243.0,34588.0,29448.0,47498.0,14045.0,842455.0
2021-01-15 00:00:00,82300.0,167915.0,38408.0,27102.0,8890.0,18150.0,62171.0,32998.0,70444.0,142066.0,54189.0,12243.0,34588.0,29448.0,47498.0,14045.0,842455.0
2021-01-15 01:00:00,82300.0,167915.0,38408.0,27102.0,8890.0,18150.0,62171.0,32998.0,70444.0,142066.0,54189.0,12243.0,34588.0,29448.0,47498.0,14045.0,842455.0
2021-01-15 02:00:00,82300.0,167915.0,38408.0,27102.0,8890.0,18150.0,62171.0,32998.0,70444.0,142066.0,54189.0,12243.0,34588.0,29448.0,47498.0,14045.0,842455.0
2021-01-15 03:00:00,82300.0,167915.0,38408.0,27102.0,8890.0,18150.0,62171.0,32998.0,70444.0,142066.0,54189.0,12243.0,34588.0,29448.0,47498.0,14045.0,842455.0
2021-01-15 04:00:00,82300.0,167915.0,38408.0,27102.0,8890.0,18150.0,62171.0,32998.0,70444.0,142066.0,54189.0,12243.0,34588.0,29448.0,47498.0,14045.0,842455.0
2021-01-15 05:00:00,82300.0,167915.0,38408.0,27102.0,8890.0,18150.0,62171.0,32998.0,70444.0,142066.0,54189.0,12243.0,34588.0,29448.0,47498.0,14045.0,842455.0
2021-01-15 06:00:00,82300.0,167915.0,38408.0,27102.0,8890.0,18150.0,62171.0,32998.0,70444.0,142066.0,54189.0,12243.0,34588.0,29448.0,47498.0,14045.0,842455.0
2021-01-15 07:00:00,82300.0,167915.0,38408.0,27102.0,8890.0,18150.0,62171.0,32998.0,70444.0,142066.0,54189.0,12243.0,34588.0,29448.0,47498.0,14045.0,842455.0
2021-01-15 08:00:00,82300.0,167915.0,38408.0,27102.0,8890.0,18150.0,62171.0,32998.0,70444.0,142066.0,54189.0,12243.0,34588.0,29448.0,47498.0,14045.0,842455.0
2021-01-15 09:00:00,82300.0,167915.0,38408.0,27102.0,8890.0,18150.0,62171.0,32998.0,70444.0,142066.0,54189.0,12243.0,34588.0,29448.0,47498.0,14045.0,842455.0
2021-01-15 10:00:00,82300.0,167915.0,38408.0,27102.0,8890.0,18150.0,62171.0,32998.0,70444.0,142066.0,54189.0,12243.0,34588.0,29448.0,47498.0,14045.0,842455.0
2021-01-15 11:00:00,82300.0,167915.0,38408.0,27102.0,8890.0,18150.0,62171.0,32998.0,70444.0,142066.0,54189.0,12243.0,34588.0,29448.0,47498.0,14045.0,842455.0
2021-01-15 12:00:00,82300.0,167915.0,38408.0,27102.0,8890.0,18150.0,62171.0,32998.0,70444.0,142066.0,54189.0,12243.0,34588.0,29448.0,47498.0,14045.0,842455.0
2021-01-15 13:00:00,92868.0,183573.0,45998.0,33263.0,10134.0,19422.0,65673.0,35355.0,78050.0,176801.0,64219.0,13301.0,39332.0,31723.0,52740.0,19230.0,961682.0
2021-01-15 14:00:00,92868.0,183573.0,45998.0,33263.0,10134.0,19422.0,65673.0,35355.0,78050.0,176801.0,64219.0,13301.0,39332.0,31723.0,52740.0,19230.0,961682.0
2021-01-15 15:00:00,92868.0,183573.0,45998.0,33263.0,10134.0,19422.0,65673.0,35355.0,78050.0,176801.0,64219.0,13301.0,39332.0,31723.0,52740.0,19230.0,961682.0
2021-01-15 16:00:00,92868.0,183573.0,45998.0,33263.0,10134.0,19422.0,65673.0,35355.0,78050.0,176801.0,64219.0,13301.0,39332.0,31723.0,52740.0,19230.0,961682.0
2021-01-15 17:00:00,92868.0,183573.0,45998.0,33263.0,10134.0,19422.0,65673.0,35355.0,78050.0,176801.0,64219.0,13301.0,39332.0,31723.0,52740.0,19230.0,961682.0
2021-01-15 18:00:00,92868.0,183573.0,45998.0,33263.0,10134.0,19422.0,65673.0,35355.0,78050.0,176801.0,64219.0,13301.0,39332.0,31723.0,52740.0,19230.0,961682.0
2021-01-15 19:00:00,92868.0,183573.0,45998.0,33263.0,10134.0,19422.0,65673.0,35355.0,78050.0,176801.0,64219.0,13301.0,39332.0,31723.0,52740.0,19230.0,961682.0
2021-01-15 20:00:00,92868.0,183573.0,45998.0,33263.0,10134.0,19422.0,65673.0,35355.0,78050.0,176801.0,64219.0,13301.0,39332.0,31723.0,52740.0,19230.0,961682.0
2021-01-15 21:00:00,92868.0,183573.0,45998.0,33263.0,10134.0,19422.0,65673.0,35355.0,78050.0,176801.0,64219.0,13301.0,39332.0,31723.0,52740.0,19230.0,961682.0
2021-01-15 22:00:00,92868.0,183573.0,45998.0,33263.0,10134.0,19422.0,65673.0,35355.0,78050.0,176801.0,64219.0,13301.0,39332.0,31723.0,52740.0,19230.0,961682.0
2021-01-15 23:00:00,92868.0,183573.0,45998.0,33263.0,10134.0,19422.0,65673.0,35355.0,78050.0,176801.0,64219.0,13301.0,39332.0,31723.0,52740.0,19230.0,961682.0
2021-01-16 00:00:00,92868.0,183573.0,45998.0,33263.0,10134.0,19422.0,65673.0,35355.0,78050.0,176801.0,64219.0,13301.0,39332.0,31723.0,52740.0,19230.0,961682.0
2021-01-16 01:00:00,92868.0,183573.0,45998.0,33263.0,10134.0,19422.0,65673.0,35355.0,78050.0,176801.0,64219.0,13301.0,39332.0,31723.0,52740.0,19230.0,961682.0
2021-01-16 02:00:00,92868.0,183573.0,45998.0,33263.0,10134.0,19422.0,65673.0,35355.0,78050.0,176801.0,64219.0,13301.0,39332.0,31723.0,52740.0,19230.0,961682.0
2021-01-16 03:00:00,92868.0,183573.0,45998.0,33263.0,10134.0,19422.0,65673.0,35355.0,78050.0,176801.0,64219.0,13301.0,39332.0,31723.0,52740.0,19230.0,961682.0
2021-01-16 04:00:00,92868.0,183573.0,45998.0,33263.0,10134.0,19422.0,65673.0,35355.0,78050.0,176801.0,64219.0,13301.0,39332.0,31723.0,52740.0,19230.0,961682.0
2021-01-16 05:00:00,92868.0,183573.0,45998.0,33263.0,10134.0,19422.0,65673.0,35355.0,78050.0,176801.0,64219.0,13301.0,39332.0,31723.0,52740.0,19230.0,961682.0
2021-01-16 06:00:00,92868.0,183573.0,45998.0,33263.0,10134.0,19422.0,65673.0,35355.0,78050.0,176801.0,64219.0,13301.0,39332.0,31723.0,52740.0,19230.0,961682.0
2021-01-16 07:00:00,92868.0,183573.0,45998.0,33263.0,10134.0,19422.0,65673.0,35355.0,78050.0,176801.0,64219.0,13301.0,39332.0,31723.0,52740.0,19230.0,961682.0
2021-01-16 08:00:00,92868.0,183573.0,45998.0,33263.0,10134.0,19422.0,65673.0,35355.0,78050.0,176801.0,64219.0,13301.0,39332.0,31723.0,52740.0,19230.0,961682.0
2021-01-16 09:00:00,92868.0,183573.0,45998.0,33263.0,10134.0,19422.0,65673.0,35355.0,78050.0,176801.0,64219.0,13301.0,39332.0,31723.0,52740.0,19230.0,961682.0
2021-01-16 10:00:00,92868.0,183573.0,45998.0,33263.0,10134.0,19422.0,65673.0,35355.0,78050.0,176801.0,64219.0,13301.0,39332.0,31723.0,52740.0,19230.0,961682.0
2021-01-16 11:00:00,92868.0,183573.0,45998.0,33263.0,10134.0,19422.0,65673.0,35355.0,78050.0,176801.0,64219.0,13301.0,39332.0,31723.0,52740.0,19230.0,961682.0
2021-01-16 12:00:00,92868.0,183573.0,45998.0,33263.0,10134.0,19422.0,65673.0,35355.0,78050.0,176801.0,64219.0,13301.0,39332.0,31723.0,52740.0,19230.0,961682.0
2021-01-16 13:00:00,100163.0,198607.0,48544.0,37993.0,11033.0,21951.0,69925.0,37570.0,86035.0,193857.0,73749.0,14421.0,43451.0,33182.0,55670.0,22009.0,1048160.0
2021-01-16 14:00:00,100163.0,198607.0,48544.0,37993.0,11033.0,21951.0,69925.0,37570.0,86035.0,193857.0,73749.0,14421.0,43451.0,33182.0,55670.0,22009.0,1048160.0
2021-01-16 15:00:00,100163.0,198607.0,48544.0,37993.0,11033.0,21951.0,69925.0,37570.0,86035.0,193857.0,73749.0,14421.0,43451.0,33182.0,55670.0,22009.0,1048160.0
2021-01-16 16:00:00,100163.0,198607.0,48544.0,37993.0,11033.0,21951.0,69925.0,37570.0,86035.0,193857.0,73749.0,14421.0,43451.0,33182.0,55670.0,22009.0,1048160.0
2021-01-16 17:00:00,100163.0,198607.0,48544.0,37993.0,11033.0,21951.0,69925.0,37570.0,86035.0,193857.0,73749.0,14421.0,43451.0,33182.0,55670.0,22009.0,1048160.0
2021-01-16 18:00:00,100163.0,198607.0,48544.0,37993.0,11033.0,21951.0,69925.0,37570.0,86035.0,193857.0,73749.0,14421.0,43451.0,33182.0,55670.0,22009.0,1048160.0
2021-01-16 19:00:00,100163.0,198607.0,48544.0,37993.0,11033.0,21951.0,69925.0,37570.0,86035.0,193857.0,73749.0,14421.0,43451.0,33182.0,55670.0,22009.0,1048160.0
2021-01-16 20:00:00,100163.0,198607.0,48544.0,37993.0,11033.0,21951.0,69925.0,37570.0,86035.0,193857.0,73749.0,14421.0,43451.0,33182.0,55670.0,22009.0,1048160.0
2021-01-16 21:00:00,100163.0,198607.0,48544.0,37993.0,11033.0,21951.0,69925.0,37570.0,86035.0,193857.0,73749.0,14421.0,43451.0,33182.0,55670.0,22009.0,1048160.0
2021-01-16 22:00:00,100163.0,198607.0,48544.0,37993.0,11033.0,21951.0,69925.0,37570.0,86035.0,193857.0,73749.0,14421.0,43451.0,33182.0,55670.0,22009.0,1048160.0
2021-01-16 23:00:00,100163.0,198607.0,48544.0,37993.0,11033.0,21951.0,69925.0,37570.0,86035.0,193857.0,73749.0,14421.0,43451.0,33182.0,55670.0,22009.0,1048160.0
2021-01-17 00:00:00,100163.0,198607.0,48544.0,37993.0,11033.0,21951.0,69925.0,37570.0,86035.0,193857.0,73749.0,14421.0,43451.0,33182.0,55670.0,22009.0,1048160.0
2021-01-17 01:00:00,100163.0,198607.0,48544.0,37993.0,11033.0,21951.0,69925.0,37570.0,86035.0,193857.0,73749.0,14421.0,43451.0,33182.0,55670.0,22009.0,1048160.0
2021-01-17 02:00:00,100163.0,198607.0,48544.0,37993.0,11033.0,21951.0,69925.0,37570.0,86035.0,193857.0,73749.0,14421.0,43451.0,33182.0,55670.0,22009.0,1048160.0
2021-01-17 03:00:00,100163.0,198607.0,48544.0,37993.0,11033.0,21951.0,69925.0,37570.0,86035.0,193857.0,73749.0,14421.0,43451.0,33182.0,55670.0,22009.0,1048160.0
2021-01-17 04:00:00,100163.0,198607.0,48544.0,37993.0,11033.0,21951.0,69925.0,37570.0,86035.0,193857.0,73749.0,14421.0,43451.0,33182.0,55670.0,22009.0,1048160.0
2021-01-17 05:00:00,100163.0,198607.0,48544.0,37993.0,11033.0,21951.0,69925.0,37570.0,86035.0,193857.0,73749.0,14421.0,43451.0,33182.0,55670.0,22009.0,1048160.0
2021-01-17 06:00:00,100163.0,198607.0,48544.0,37993.0,11033.0,21951.0,69925.0,37570.0,86035.0,193857.0,73749.0,14421.0,43451.0,33182.0,55670.0,22009.0,1048160.0
2021-01-17 07:00:00,100163.0,198607.0,48544.0,37993.0,11033.0,21951.0,69925.0,37570.0,86035.0,193857.0,73749.0,14421.0,43451.0,33182.0,55670.0,22009.0,1048160.0
2021-01-17 08:00:00,100163.0,198607.0,48544.0,37993.0,11033.0,21951.0,69925.0,37570.0,86035.0,193857.0,73749.0,14421.0,43451.0,33182.0,55670.0,22009.0,1048160.0
2021-01-17 09:00:00,100163.0,198607.0,48544.0,37993.0,11033.0,21951.0,69925.0,37570.0,86035.0,193857.0,73749.0,14421.0,43451.0,33182.0,55670.0,22009.0,1048160.0
2021-01-17 10:00:00,100163.0,198607.0,48544.0,37993.0,11033.0,21951.0,69925.0,37570.0,86035.0,193857.0,73749.0,14421.0,43451.0,33182.0,55670.0,22009.0,1048160.0
2021-01-17 11:00:00,100163.0,198607.0,48544.0,37993.0,11033.0,21951.0,69925.0,37570.0,86035.0,193857.0,73749.0,14421.0,43451.0,33182.0,55670.0,22009.0,1048160.0
2021-01-17 12:00:00,100163.0,198607.0,48544.0,37993.0,11033.0,21951.0,69925.0,37570.0,86035.0,193857.0,73749.0,14421.0,43451.0,33182.0,55670.0,22009.0,1048160.0
2021-01-17 13:00:00,100163.0,198607.0,48544.0,37993.0,11033.0,21951.0,69925.0,37570.0,86035.0,193857.0,73749.0,14421.0,43451.0,33182.0,55670.0,22009.0,1048160.0
2021-01-17 14:00:00,100163.0,198607.0,48544.0,37993.0,11033.0,21951.0,69925.0,37570.0,86035.0,193857.0,73749.0,14421.0,43451.0,33182.0,55670.0,22009.0,1048160.0
2021-01-17 15:00:00,100163.0,198607.0,48544.0,37993.0,11033.0,21951.0,69925.0,37570.0,86035.0,193857.0,73749.0,14421.0,43451.0,33182.0,55670.0,22009.0,1048160.0
2021-01-17 16:00:00,100163.0,198607.0,48544.0,37993.0,11033.0,21951.0,69925.0,37570.0,86035.0,193857.0,73749.0,14421.0,43451.0,33182.0,55670.0,22009.0,1048160.0
2021-01-17 17:00:00,100163.0,198607.0,48544.0,37993.0,11033.0,21951.0,69925.0,37570.0,86035.0,193857.0,73749.0,14421.0,43451.0,33182.0,55670.0,22009.0,1048160.0
2021-01-17 18:00:00,100163.0,198607.0,48544.0,37993.0,11033.0,21951.0,69925.0,37570.0,86035.0,193857.0,73749.0,14421.0,43451.0,33182.0,55670.0,22009.0,1048160.0
2021-01-17 19:00:00,100163.0,198607.0,48544.0,37993.0,11033.0,21951.0,69925.0,37570.0,86035.0,193857.0,73749.0,14421.0,43451.0,33182.0,55670.0,22009.0,1048160.0
2021-01-17 20:00:00,100163.0,198607.0,48544.0,37993.0,11033.0,21951.0,69925.0,37570.0,86035.0,193857.0,73749.0,14421.0,43451.0,33182.0,55670.0,22009.0,1048160.0
2021-01-17 21:00:00,100163.0,198607.0,48544.0,37993.0,11033.0,21951.0,69925.0,37570.0,86035.0,193857.0,73749.0,14421.0,43451.0,33182.0,55670.0,22009.0,1048160.0
2021-01-17 22:00:00,100163.0,198607.0,48544.0,37993.0,11033.0,21951.0,69925.0,37570.0,86035.0,193857.0,73749.0,14421.0,43451.0,33182.0,55670.0,22009.0,1048160.0
2021-01-17 23:00:00,100163.0,198607.0,48544.0,37993.0,11033.0,21951.0,69925.0,37570.0,86035.0,193857.0,73749.0,14421.0,43451.0,33182.0,55670.0,22009.0,1048160.0
2021-01-18 00:00:00,100163.0,198607.0,48544.0,37993.0,11033.0,21951.0,69925.0,37570.0,86035.0,193857.0,73749.0,14421.0,43451.0,33182.0,55670.0,22009.0,1048160.0
